epoch,overflow,main,assigned_slots,share_assigned_slots,ok,skipped,invalid,delayed,bad_slots_abs,bad_slots_pct_node,effective_stake,stake_share_pct,effective_stake_next,stake_share_next_pct,delivered_slots_share_pct,coinbase_epoch_tkg,fees_epoch_tkr_at_main,reward_epoch_total_value_tkg_only,coinbase_cum_tkg,fees_cum_tkr_at_main,penalty_slots_residual,penalty_score,forced_invalid_slots_planned,forced_invalid_slots_realized,forced_invalid_share_pct_of_invalid,penalty_gained,penalty_recovery,penalty_tol,residual_prev_dbg,residual_next_dbg,ok_rate,scenario,assigned_share,malicious_i,post_t,interaction,time_since_switch
0,OV_1,MAIN_1,9470,39.458,9470,0,0,0,0,0.0,400.0,40.0,400.9469999997623,39.9987,39.4583,0.947,0.0,0.947,0.947,0.0,0,0.0,0,0,0.0,0.0,0.0,189.4,0.0,0.0,1.0,1,0.39458333333333334,,,,
0,OV_2,MAIN_2,7285,30.354,7285,0,0,0,0,0.0,300.0,30.0,300.7284999998172,30.0008,30.3542,0.7285,0.0,0.7285,0.7285,0.0,0,0.0,0,0,0.0,0.0,0.0,145.70000000000002,0.0,0.0,1.0,1,0.30354166666666665,,,,
0,OV_3,MAIN_3,7245,30.188,7245,0,0,0,0,0.0,300.0,30.0,300.72449999981814,30.0004,30.1875,0.7245,0.0,0.7245,0.7245,0.0,0,0.0,0,0,0.0,0.0,0.0,144.9,0.0,0.0,1.0,1,0.301875,,,,
1,OV_1,MAIN_1,9712,40.467,9669,43,0,0,43,0.44,400.9469999997623,39.9987,401.9138999995196,39.9997,40.2875,0.9669,0.0,0.9669,1.9139,0.0,0,0.0,0,0,0.0,0.0,0.0,194.24,0.0,0.0,0.9955724876441515,1,0.4046666666666667,,,,
1,OV_2,MAIN_2,7160,29.833,7160,0,0,0,0,0.0,300.7284999998172,30.0008,301.4444999996374,30.0007,29.8333,0.716,0.0,0.716,1.4445,0.0,0,0.0,0,0,0.0,0.0,0.0,143.20000000000002,0.0,0.0,1.0,1,0.29833333333333334,,,,
1,OV_3,MAIN_3,7128,29.7,7096,17,10,5,32,0.45,300.72449999981814,30.0004,301.43409999964,29.9996,29.5667,0.7096,0.0,0.7096,1.4341,0.0,0,0.0,0,0,0.0,0.0,0.0,142.56,0.0,0.0,0.9955106621773289,1,0.297,,,,
2,OV_1,MAIN_1,9503,39.596,9501,2,0,0,2,0.02,401.9138999995196,39.9997,402.8639999992811,39.9987,39.5875,0.9501,0.0,0.9501,2.864,0.0,0,0.0,0,0,0.0,0.0,0.0,190.06,0.0,0.0,0.9997895401452173,1,0.39595833333333336,,,,
2,OV_2,MAIN_2,7276,30.317,7276,0,0,0,0,0.0,301.4444999996374,30.0007,302.1720999994548,30.0014,30.3167,0.7276,0.0,0.7276,2.1721,0.0,0,0.0,0,0,0.0,0.0,0.0,145.52,0.0,0.0,1.0,1,0.30316666666666664,,,,
2,OV_3,MAIN_3,7221,30.087,7219,0,2,0,2,0.03,301.43409999964,29.9996,302.1559999994588,29.9998,30.0792,0.7219,0.0,0.7219,2.156,0.0,0,0.0,0,0,0.0,0.0,0.0,144.42000000000002,0.0,0.0,0.9997230300512394,1,0.300875,,,,
3,OV_1,MAIN_1,9575,39.896,9552,0,0,23,23,0.24,402.8639999992811,39.9987,403.8191999990413,39.9985,39.8,0.9552,0.0,0.9552,3.8192,0.0,0,0.0,0,0,0.0,0.0,0.0,191.5,0.0,0.0,0.997597911227154,1,0.39895833333333336,,,,
3,OV_2,MAIN_2,7241,30.171,7233,3,5,0,8,0.11,302.1720999994548,30.0014,302.8953999992732,30.002,30.1375,0.7233,0.0,0.7233,2.8954,0.0,0,0.0,0,0,0.0,0.0,0.0,144.82,0.0,0.0,0.998895180223726,1,0.30170833333333336,,,,
3,OV_3,MAIN_3,7184,29.933,7144,14,0,26,40,0.56,302.1559999994588,29.9998,302.87039999927947,29.9995,29.7667,0.7144,0.0,0.7144,2.8704,0.0,0,0.0,0,0,0.0,0.0,0.0,143.68,0.0,0.0,0.9944320712694877,1,0.29933333333333334,,,,
4,OV_1,MAIN_1,9583,39.929,9581,1,0,1,2,0.02,403.8191999990413,39.9985,404.7772999988008,39.9985,39.9208,0.9581,0.0,0.9581,4.7773,0.0,0,0.0,0,0,0.0,0.0,0.0,191.66,0.0,0.0,0.9997912970885944,1,0.39929166666666666,,,,
4,OV_2,MAIN_2,7141,29.754,7119,3,16,3,22,0.31,302.8953999992732,30.002,303.6072999990945,30.0013,29.6625,0.7119,0.0,0.7119,3.6073,0.0,0,0.0,0,0,0.0,0.0,0.0,142.82,0.0,0.0,0.9969191989917379,1,0.29754166666666665,,,,
4,OV_3,MAIN_3,7276,30.317,7265,0,11,0,11,0.15,302.87039999927947,29.9995,303.5968999990971,30.0002,30.2708,0.7265,0.0,0.7265,3.5969,0.0,0,0.0,0,0,0.0,0.0,0.0,145.52,0.0,0.0,0.9984881803188566,1,0.30316666666666664,,,,
5,OV_1,MAIN_1,9563,39.846,9517,20,0,26,46,0.48,404.7772999988008,39.9985,405.7289999985619,39.998,39.6542,0.9517,0.0,0.9517,5.729,0.0,0,0.0,0,0,0.0,0.0,0.0,191.26,0.0,0.0,0.9951897939976995,1,0.39845833333333336,,,,
5,OV_2,MAIN_2,7124,29.683,7109,0,7,8,15,0.21,303.6072999990945,30.0013,304.31819999891604,30.0006,29.6208,0.7109,0.0,0.7109,4.3182,0.0,0,0.0,0,0,0.0,0.0,0.0,142.48,0.0,0.0,0.9978944413250983,1,0.29683333333333334,,,,
5,OV_3,MAIN_3,7313,30.471,7301,0,0,12,12,0.16,303.5968999990971,30.0002,304.32699999891383,30.0015,30.4208,0.7301,0.0,0.7301,4.327,0.0,0,0.0,0,0,0.0,0.0,0.0,146.26,0.0,0.0,0.9983590865581841,1,0.30470833333333336,,,,
6,OV_1,MAIN_1,9606,40.025,9600,0,0,6,6,0.06,405.7289999985619,39.998,406.6889999983209,39.9981,40.0,0.96,0.0,0.96,6.689,0.0,0,0.0,0,0,0.0,0.0,0.0,192.12,0.0,0.0,0.9993753903810119,1,0.40025,,,,
6,OV_2,MAIN_2,7134,29.725,7110,18,0,6,24,0.34,304.31819999891604,30.0006,305.0291999987376,29.9998,29.625,0.711,0.0,0.711,5.0292,0.0,0,0.0,0,0,0.0,0.0,0.0,142.68,0.0,0.0,0.9966358284272497,1,0.29725,,,,
6,OV_3,MAIN_3,7260,30.25,7254,0,0,6,6,0.08,304.32699999891383,30.0015,305.05239999873174,30.0021,30.225,0.7254,0.0,0.7254,5.0524,0.0,0,0.0,0,0,0.0,0.0,0.0,145.20000000000002,0.0,0.0,0.9991735537190083,1,0.3025,,,,
7,OV_1,MAIN_1,9688,40.367,9683,0,5,0,5,0.05,406.6889999983209,39.9981,407.65729999807786,39.999,40.3458,0.9683,0.0,0.9683,7.6573,0.0,0,0.0,0,0,0.0,0.0,0.0,193.76,0.0,0.0,0.9994838976052849,1,0.4036666666666667,,,,
7,OV_2,MAIN_2,7095,29.563,7094,1,0,0,1,0.01,305.0291999987376,29.9998,305.7385999985595,29.9988,29.5583,0.7094,0.0,0.7094,5.7386,0.0,0,0.0,0,0,0.0,0.0,0.0,141.9,0.0,0.0,0.9998590556730091,1,0.295625,,,,
7,OV_3,MAIN_3,7217,30.071,7203,0,0,14,14,0.19,305.05239999873174,30.0021,305.77269999855093,30.0022,30.0125,0.7203,0.0,0.7203,5.7727,0.0,0,0.0,0,0,0.0,0.0,0.0,144.34,0.0,0.0,0.9980601357904947,1,0.30070833333333336,,,,
8,OV_1,MAIN_1,9686,40.358,9686,0,0,0,0,0.0,407.65729999807786,39.999,408.6258999978347,40.0,40.3583,0.9686,0.0,0.9686,8.6259,0.0,0,0.0,0,0,0.0,0.0,0.0,193.72,0.0,0.0,1.0,1,0.40358333333333335,,,,
8,OV_2,MAIN_2,7077,29.488,7059,18,0,0,18,0.25,305.7385999985595,29.9988,306.4444999983823,29.9975,29.4125,0.7059,0.0,0.7059,6.4445,0.0,0,0.0,0,0,0.0,0.0,0.0,141.54,0.0,0.0,0.9974565493853328,1,0.294875,,,,
8,OV_3,MAIN_3,7237,30.154,7222,14,0,1,15,0.21,305.77269999855093,30.0022,306.49489999836965,30.0025,30.0917,0.7222,0.0,0.7222,6.4949,0.0,0,0.0,0,0,0.0,0.0,0.0,144.74,0.0,0.0,0.9979273179494266,1,0.30154166666666665,,,,
9,OV_1,MAIN_1,9666,40.275,9666,0,0,0,0,0.0,408.6258999978347,40.0,409.5924999975921,40.0009,40.275,0.9666,0.0,0.9666,9.5925,0.0,0,0.0,0,0,0.0,0.0,0.0,193.32,0.0,0.0,1.0,1,0.40275,,,,
9,OV_2,MAIN_2,7202,30.008,7160,8,15,19,42,0.58,306.4444999983823,29.9975,307.16049999820257,29.9973,29.8333,0.716,0.0,0.716,7.1605,0.0,0,0.0,0,0,0.0,0.0,0.0,144.04,0.0,0.0,0.9941682865870591,1,0.3000833333333333,,,,
9,OV_3,MAIN_3,7132,29.717,7110,0,8,14,22,0.31,306.49489999836965,30.0025,307.2058999981912,30.0018,29.625,0.711,0.0,0.711,7.2059,0.0,0,0.0,0,0,0.0,0.0,0.0,142.64,0.0,0.0,0.9969153112731352,1,0.2971666666666667,,,,
10,OV_1,MAIN_1,9520,39.667,9488,0,0,32,32,0.34,409.5924999975921,40.0009,410.5412999973539,40.0,39.5333,0.9488,0.0,0.9488,10.5413,0.0,0,0.0,0,0,0.0,0.0,0.0,190.4,0.0,0.0,0.9966386554621849,1,0.39666666666666667,,,,
10,OV_2,MAIN_2,7319,30.496,7318,0,0,1,1,0.01,307.16049999820257,29.9973,307.89229999801887,29.9986,30.4917,0.7318,0.0,0.7318,7.8923,0.0,0,0.0,0,0,0.0,0.0,0.0,146.38,0.0,0.0,0.9998633693127477,1,0.30495833333333333,,,,
10,OV_3,MAIN_3,7161,29.837,7149,0,0,12,12,0.17,307.2058999981912,30.0018,307.9207999980117,30.0014,29.7875,0.7149,0.0,0.7149,7.9208,0.0,0,0.0,0,0,0.0,0.0,0.0,143.22,0.0,0.0,0.9983242563887725,1,0.298375,,,,
11,OV_1,MAIN_1,9551,39.796,9526,25,0,0,25,0.26,410.5412999973539,40.0,411.4938999971148,39.9994,39.6917,0.9526,0.0,0.9526,11.4939,0.0,0,0.0,0,0,0.0,0.0,0.0,191.02,0.0,0.0,0.9973824730394724,1,0.39795833333333336,,,,
11,OV_2,MAIN_2,7191,29.962,7177,0,5,9,14,0.19,307.89229999801887,29.9986,308.6099999978387,29.9986,29.9042,0.7177,0.0,0.7177,8.61,0.0,0,0.0,0,0,0.0,0.0,0.0,143.82,0.0,0.0,0.9980531219580031,1,0.299625,,,,
11,OV_3,MAIN_3,7258,30.242,7249,9,0,0,9,0.12,307.9207999980117,30.0014,308.6456999978297,30.002,30.2042,0.7249,0.0,0.7249,8.6457,0.0,0,0.0,0,0,0.0,0.0,0.0,145.16,0.0,0.0,0.9987599889776798,1,0.30241666666666667,,,,
12,OV_1,MAIN_1,9688,40.367,9682,0,0,6,6,0.06,411.4938999971148,39.9994,412.46209999687176,40.0003,40.3417,0.9682,0.0,0.9682,12.4621,0.0,0,0.0,0,0,0.0,0.0,0.0,193.76,0.0,0.0,0.9993806771263418,1,0.4036666666666667,,,,
12,OV_2,MAIN_2,7199,29.996,7199,0,0,0,0,0.0,308.6099999978387,29.9986,309.329899997658,29.9986,29.9958,0.7199,0.0,0.7199,9.3299,0.0,0,0.0,0,0,0.0,0.0,0.0,143.98,0.0,0.0,1.0,1,0.2999583333333333,,,,
12,OV_3,MAIN_3,7113,29.637,7103,10,0,0,10,0.14,308.6456999978297,30.002,309.35599999765145,30.0011,29.5958,0.7103,0.0,0.7103,9.356,0.0,0,0.0,0,0,0.0,0.0,0.0,142.26,0.0,0.0,0.9985941234359623,1,0.296375,,,,
13,OV_1,MAIN_1,9610,40.042,9599,0,2,9,11,0.11,412.46209999687176,40.0003,413.4219999966308,40.0005,39.9958,0.9599,0.0,0.9599,13.422,0.0,0,0.0,0,0,0.0,0.0,0.0,192.2,0.0,0.0,0.9988553590010406,1,0.40041666666666664,,,,
13,OV_2,MAIN_2,7172,29.883,7130,22,0,20,42,0.59,309.329899997658,29.9986,310.042899997479,29.9981,29.7083,0.713,0.0,0.713,10.0429,0.0,0,0.0,0,0,0.0,0.0,0.0,143.44,0.0,0.0,0.9941438929168991,1,0.29883333333333334,,,,
13,OV_3,MAIN_3,7218,30.075,7207,2,7,2,11,0.15,309.35599999765145,30.0011,310.07669999747054,30.0014,30.0292,0.7207,0.0,0.7207,10.0767,0.0,0,0.0,0,0,0.0,0.0,0.0,144.36,0.0,0.0,0.9984760321418675,1,0.30075,,,,
14,OV_1,MAIN_1,9571,39.879,9571,0,0,0,0,0.0,413.4219999966308,40.0005,414.37909999639055,40.0004,39.8792,0.9571,0.0,0.9571,14.3791,0.0,0,0.0,0,0,0.0,0.0,0.0,191.42,0.0,0.0,1.0,1,0.39879166666666666,,,,
14,OV_2,MAIN_2,7253,30.221,7234,12,0,7,19,0.26,310.042899997479,29.9981,310.76629999729744,29.9985,30.1417,0.7234,0.0,0.7234,10.7663,0.0,0,0.0,0,0,0.0,0.0,0.0,145.06,0.0,0.0,0.9973803943195919,1,0.30220833333333336,,,,
14,OV_3,MAIN_3,7176,29.9,7163,13,0,0,13,0.18,310.07669999747054,30.0014,310.79299999729074,30.0011,29.8458,0.7163,0.0,0.7163,10.793,0.0,0,0.0,0,0,0.0,0.0,0.0,143.52,0.0,0.0,0.9981884057971014,1,0.299,,,,
15,OV_1,MAIN_1,9675,40.312,9671,4,0,0,4,0.04,414.37909999639055,40.0004,415.3461999961478,40.0011,40.2958,0.9671,0.0,0.9671,15.3462,0.0,0,0.0,0,0,0.0,0.0,0.0,193.5,0.0,0.0,0.9995865633074935,1,0.403125,,,,
15,OV_2,MAIN_2,7122,29.675,7118,4,0,0,4,0.06,310.76629999729744,29.9985,311.4780999971188,29.9978,29.6583,0.7118,0.0,0.7118,11.4781,0.0,0,0.0,0,0,0.0,0.0,0.0,142.44,0.0,0.0,0.9994383600112328,1,0.29675,,,,
15,OV_3,MAIN_3,7203,30.012,7192,0,11,0,11,0.15,310.79299999729074,30.0011,311.5121999971102,30.0011,29.9667,0.7192,0.0,0.7192,11.5122,0.0,0,0.0,0,0,0.0,0.0,0.0,144.06,0.0,0.0,0.9984728585311675,1,0.300125,,,,
16,OV_1,MAIN_1,9598,39.992,9534,61,3,0,64,0.67,415.3461999961478,40.0011,416.29959999590847,40.0007,39.725,0.9534,0.0,0.9534,16.2996,0.0,0,0.0,0,0,0.0,0.0,0.0,191.96,0.0,0.0,0.9933319441550323,1,0.39991666666666664,,,,
16,OV_2,MAIN_2,7113,29.637,7113,0,0,0,0,0.0,311.4780999971188,29.9978,312.1893999969402,29.9972,29.6375,0.7113,0.0,0.7113,12.1894,0.0,0,0.0,0,0,0.0,0.0,0.0,142.26,0.0,0.0,1.0,1,0.296375,,,,
16,OV_3,MAIN_3,7289,30.371,7289,0,0,0,0,0.0,311.5121999971102,30.0011,312.24109999692723,30.0021,30.3708,0.7289,0.0,0.7289,12.2411,0.0,0,0.0,0,0,0.0,0.0,0.0,145.78,0.0,0.0,1.0,1,0.30370833333333336,,,,
17,OV_1,MAIN_1,9688,40.367,9677,11,0,0,11,0.11,416.29959999590847,40.0007,417.2672999956656,40.0015,40.3208,0.9677,0.0,0.9677,17.2673,0.0,0,0.0,0,0,0.0,0.0,0.0,193.76,0.0,0.0,0.9988645747316267,1,0.4036666666666667,,,,
17,OV_2,MAIN_2,7244,30.183,7242,0,2,0,2,0.03,312.1893999969402,29.9972,312.9135999967584,29.9976,30.175,0.7242,0.0,0.7242,12.9136,0.0,0,0.0,0,0,0.0,0.0,0.0,144.88,0.0,0.0,0.999723909442297,1,0.30183333333333334,,,,
17,OV_3,MAIN_3,7068,29.45,7064,2,2,0,4,0.06,312.24109999692723,30.0021,312.9474999967499,30.0009,29.4333,0.7064,0.0,0.7064,12.9475,0.0,0,0.0,0,0,0.0,0.0,0.0,141.36,0.0,0.0,0.9994340690435767,1,0.2945,,,,
18,OV_1,MAIN_1,9540,39.75,9500,14,0,26,40,0.42,417.2672999956656,40.0015,418.2172999954271,40.0008,39.5833,0.95,0.0,0.95,18.2173,0.0,0,0.0,0,0,0.0,0.0,0.0,190.8,0.0,0.0,0.9958071278825996,1,0.3975,,,,
18,OV_2,MAIN_2,7322,30.508,7319,0,0,3,3,0.04,312.9135999967584,29.9976,313.6454999965747,29.9989,30.4958,0.7319,0.0,0.7319,13.6455,0.0,0,0.0,0,0,0.0,0.0,0.0,146.44,0.0,0.0,0.9995902758809069,1,0.3050833333333333,,,,
18,OV_3,MAIN_3,7138,29.742,7120,0,0,18,18,0.25,312.9474999967499,30.0009,313.6594999965712,30.0003,29.6667,0.712,0.0,0.712,13.6595,0.0,0,0.0,0,0,0.0,0.0,0.0,142.76,0.0,0.0,0.9974782852339591,1,0.29741666666666666,,,,
19,OV_1,MAIN_1,9451,39.379,9443,0,8,0,8,0.08,418.2172999954271,40.0008,419.1615999951901,39.9994,39.3458,0.9443,0.0,0.9443,19.1616,0.0,0,0.0,0,0,0.0,0.0,0.0,189.02,0.0,0.0,0.9991535287271188,1,0.39379166666666665,,,,
19,OV_2,MAIN_2,7193,29.971,7180,13,0,0,13,0.18,313.6454999965747,29.9989,314.36349999639447,29.9988,29.9167,0.718,0.0,0.718,14.3635,0.0,0,0.0,0,0,0.0,0.0,0.0,143.86,0.0,0.0,0.998192687334909,1,0.29970833333333335,,,,
19,OV_3,MAIN_3,7356,30.65,7346,0,0,10,10,0.14,313.6594999965712,30.0003,314.3940999963868,30.0018,30.6083,0.7346,0.0,0.7346,14.3941,0.0,0,0.0,0,0,0.0,0.0,0.0,147.12,0.0,0.0,0.9986405655247417,1,0.3065,,,,
20,OV_1,MAIN_1,9594,39.975,9554,22,18,0,40,0.42,419.1615999951901,39.9994,420.1169999949502,39.9992,39.8083,0.9554,0.0,0.9554,20.117,0.0,0,0.0,0,0,0.0,0.0,0.0,191.88,0.0,0.0,0.9958307275380446,1,0.39975,,,,
20,OV_2,MAIN_2,7275,30.312,7263,12,0,0,12,0.16,314.36349999639447,29.9988,315.0897999962121,29.9996,30.2625,0.7263,0.0,0.7263,15.0898,0.0,0,0.0,0,0,0.0,0.0,0.0,145.5,0.0,0.0,0.9983505154639175,1,0.303125,,,,
20,OV_3,MAIN_3,7131,29.712,7123,0,8,0,8,0.11,314.3940999963868,30.0018,315.106399996208,30.0012,29.6792,0.7123,0.0,0.7123,15.1064,0.0,0,0.0,0,0,0.0,0.0,0.0,142.62,0.0,0.0,0.9988781377085962,1,0.297125,,,,
21,OV_1,MAIN_1,9707,40.446,9689,0,0,18,18,0.19,420.1169999949502,39.9992,421.085899994707,40.0002,40.3708,0.9689,0.0,0.9689,21.0859,0.0,0,0.0,0,0,0.0,0.0,0.0,194.14,0.0,0.0,0.9981456680745854,1,0.4044583333333333,,,,
21,OV_2,MAIN_2,7141,29.754,7134,4,0,3,7,0.1,315.0897999962121,29.9996,315.8031999960331,29.999,29.725,0.7134,0.0,0.7134,15.8032,0.0,0,0.0,0,0,0.0,0.0,0.0,142.82,0.0,0.0,0.9990197451337348,1,0.29754166666666665,,,,
21,OV_3,MAIN_3,7152,29.8,7152,0,0,0,0,0.0,315.106399996208,30.0012,315.82159999602845,30.0008,29.8,0.7152,0.0,0.7152,15.8216,0.0,0,0.0,0,0,0.0,0.0,0.0,143.04,0.0,0.0,1.0,1,0.298,,,,
22,OV_1,MAIN_1,9570,39.875,9558,11,1,0,12,0.13,421.085899994707,40.0002,422.0416999944671,40.0,39.825,0.9558,0.0,0.9558,22.0417,0.0,0,0.0,0,0,0.0,0.0,0.0,191.4,0.0,0.0,0.9987460815047022,1,0.39875,,,,
22,OV_2,MAIN_2,7315,30.479,7272,21,0,22,43,0.59,315.8031999960331,29.999,316.53039999585053,29.9999,30.3,0.7272,0.0,0.7272,16.5304,0.0,0,0.0,0,0,0.0,0.0,0.0,146.3,0.0,0.0,0.9941216678058783,1,0.3047916666666667,,,,
22,OV_3,MAIN_3,7115,29.646,7109,0,0,6,6,0.08,315.82159999602845,30.0008,316.53249999585,30.0001,29.6208,0.7109,0.0,0.7109,16.5325,0.0,0,0.0,0,0,0.0,0.0,0.0,142.3,0.0,0.0,0.999156711173577,1,0.2964583333333333,,,,
23,OV_1,MAIN_1,9696,40.4,9686,10,0,0,10,0.1,422.0416999944671,40.0,423.010299994224,40.0009,40.3583,0.9686,0.0,0.9686,23.0103,0.0,0,0.0,0,0,0.0,0.0,0.0,193.92,0.0,0.0,0.9989686468646864,1,0.404,,,,
23,OV_2,MAIN_2,7140,29.75,7126,0,0,14,14,0.2,316.53039999585053,29.9999,317.24299999567165,29.9993,29.6917,0.7126,0.0,0.7126,17.243,0.0,0,0.0,0,0,0.0,0.0,0.0,142.8,0.0,0.0,0.9980392156862745,1,0.2975,,,,
23,OV_3,MAIN_3,7164,29.85,7151,0,10,3,13,0.18,316.53249999585,30.0001,317.2475999956705,29.9997,29.7958,0.7151,0.0,0.7151,17.2476,0.0,0,0.0,0,0,0.0,0.0,0.0,143.28,0.0,0.0,0.9981853713009492,1,0.2985,,,,
24,OV_1,MAIN_1,9482,39.508,9482,0,0,0,0,0.0,423.010299994224,40.0009,423.9584999939859,40.0001,39.5083,0.9482,0.0,0.9482,23.9585,0.0,0,0.0,0,0,0.0,0.0,0.0,189.64,0.0,0.0,1.0,1,0.39508333333333334,,,,
24,OV_2,MAIN_2,7302,30.425,7266,2,0,34,36,0.49,317.24299999567165,29.9993,317.96959999548926,30.0001,30.275,0.7266,0.0,0.7266,17.9696,0.0,0,0.0,0,0,0.0,0.0,0.0,146.04,0.0,0.0,0.9950698438783895,1,0.30425,,,,
24,OV_3,MAIN_3,7216,30.067,7192,6,0,18,24,0.33,317.2475999956705,29.9997,317.96679999549,29.9998,29.9667,0.7192,0.0,0.7192,17.9668,0.0,0,0.0,0,0,0.0,0.0,0.0,144.32,0.0,0.0,0.9966740576496674,1,0.3006666666666667,,,,
25,OV_1,MAIN_1,9603,40.013,9596,0,7,0,7,0.07,423.9584999939859,40.0001,424.91809999374505,40.0003,39.9833,0.9596,0.0,0.9596,24.9181,0.0,0,0.0,0,0,0.0,0.0,0.0,192.06,0.0,0.0,0.9992710611267313,1,0.400125,,,,
25,OV_2,MAIN_2,7249,30.204,7236,6,7,0,13,0.18,317.96959999548926,30.0001,318.6931999953076,30.0006,30.15,0.7236,0.0,0.7236,18.6932,0.0,0,0.0,0,0,0.0,0.0,0.0,144.98,0.0,0.0,0.9982066491929922,1,0.30204166666666665,,,,
25,OV_3,MAIN_3,7148,29.783,7105,22,0,21,43,0.6,317.96679999549,29.9998,318.6772999953116,29.9991,29.6042,0.7105,0.0,0.7105,18.6773,0.0,0,0.0,0,0,0.0,0.0,0.0,142.96,0.0,0.0,0.9939843312814773,1,0.29783333333333334,,,,
26,OV_1,MAIN_1,9565,39.854,9527,38,0,0,38,0.4,424.91809999374505,40.0003,425.8707999935059,39.9997,39.6958,0.9527,0.0,0.9527,25.8708,0.0,0,0.0,0,0,0.0,0.0,0.0,191.3,0.0,0.0,0.9960271824359644,1,0.3985416666666667,,,,
26,OV_2,MAIN_2,7120,29.667,7116,0,4,0,4,0.06,318.6931999953076,30.0006,319.404799995129,30.0,29.65,0.7116,0.0,0.7116,19.4048,0.0,0,0.0,0,0,0.0,0.0,0.0,142.4,0.0,0.0,0.999438202247191,1,0.2966666666666667,,,,
26,OV_3,MAIN_3,7315,30.479,7312,0,0,3,3,0.04,318.6772999953116,29.9991,319.40849999512807,30.0003,30.4667,0.7312,0.0,0.7312,19.4085,0.0,0,0.0,0,0,0.0,0.0,0.0,146.3,0.0,0.0,0.9995898838004101,1,0.3047916666666667,,,,
27,OV_1,MAIN_1,9705,40.438,9686,0,0,19,19,0.2,425.8707999935059,39.9997,426.8393999932628,40.0007,40.3583,0.9686,0.0,0.9686,26.8394,0.0,0,0.0,0,0,0.0,0.0,0.0,194.1,0.0,0.0,0.998042246264812,1,0.404375,,,,
27,OV_2,MAIN_2,7208,30.033,7175,33,0,0,33,0.46,319.404799995129,30.0,320.1222999949489,29.9999,29.8958,0.7175,0.0,0.7175,20.1223,0.0,0,0.0,0,0,0.0,0.0,0.0,144.16,0.0,0.0,0.9954217536071032,1,0.30033333333333334,,,,
27,OV_3,MAIN_3,7087,29.529,7087,0,0,0,0,0.0,319.40849999512807,30.0003,320.11719999495017,29.9994,29.5292,0.7087,0.0,0.7087,20.1172,0.0,0,0.0,0,0,0.0,0.0,0.0,141.74,0.0,0.0,1.0,1,0.2952916666666667,,,,
28,OV_1,MAIN_1,9552,39.8,9552,0,0,0,0,0.0,426.8393999932628,40.0007,427.794599993023,40.0004,39.8,0.9552,0.0,0.9552,27.7946,0.0,0,0.0,0,0,0.0,0.0,0.0,191.04,0.0,0.0,1.0,1,0.398,,,,
28,OV_2,MAIN_2,7223,30.096,7210,10,0,3,13,0.18,320.1222999949489,29.9999,320.8432999947679,30.0,30.0417,0.721,0.0,0.721,20.8433,0.0,0,0.0,0,0,0.0,0.0,0.0,144.46,0.0,0.0,0.9982001938252804,1,0.3009583333333333,,,,
28,OV_3,MAIN_3,7225,30.104,7220,0,3,2,5,0.07,320.11719999495017,29.9994,320.83919999476893,29.9996,30.0833,0.722,0.0,0.722,20.8392,0.0,0,0.0,0,0,0.0,0.0,0.0,144.5,0.0,0.0,0.9993079584775086,1,0.30104166666666665,,,,
29,OV_1,MAIN_1,9519,39.663,9495,14,10,0,24,0.25,427.794599993023,40.0004,428.74409999278464,39.9995,39.5625,0.9495,0.0,0.9495,28.7441,0.0,0,0.0,0,0,0.0,0.0,0.0,190.38,0.0,0.0,0.9974787267570123,1,0.396625,,,,
29,OV_2,MAIN_2,7293,30.387,7289,0,0,4,4,0.05,320.8432999947679,30.0,321.57219999458493,30.0009,30.3708,0.7289,0.0,0.7289,21.5722,0.0,0,0.0,0,0,0.0,0.0,0.0,145.86,0.0,0.0,0.9994515288632936,1,0.303875,,,,
29,OV_3,MAIN_3,7188,29.95,7188,0,0,0,0,0.0,320.83919999476893,29.9996,321.5579999945885,29.9996,29.95,0.7188,0.0,0.7188,21.558,0.0,0,0.0,0,0,0.0,0.0,0.0,143.76,0.0,0.0,1.0,1,0.2995,,,,
30,OV_1,MAIN_1,9705,40.438,9704,0,0,1,1,0.01,428.74409999278464,39.9995,429.71449999254105,40.0005,40.4333,0.9704,0.0,0.9704,29.7145,0.0,0,0.0,0,0,0.0,0.0,0.0,194.1,0.0,0.0,0.999896960329727,1,0.404375,,,,
30,OV_2,MAIN_2,7100,29.583,7097,0,0,3,3,0.04,321.57219999458493,30.0009,322.2818999944068,30.0,29.5708,0.7097,0.0,0.7097,22.2819,0.0,0,0.0,0,0,0.0,0.0,0.0,142.0,0.0,0.0,0.9995774647887324,1,0.29583333333333334,,,,
30,OV_3,MAIN_3,7195,29.979,7190,0,5,0,5,0.07,321.5579999945885,29.9996,322.276999994408,29.9995,29.9583,0.719,0.0,0.719,22.277,0.0,0,0.0,0,0,0.0,0.0,0.0,143.9,0.0,0.0,0.9993050729673384,1,0.2997916666666667,,,,
31,OV_1,MAIN_1,9670,40.292,9657,0,0,13,13,0.13,429.71449999254105,40.0005,430.6801999922986,40.0013,40.2375,0.9657,0.0,0.9657,30.6802,0.0,0,0.0,0,0,0.0,0.0,0.0,193.4,0.0,0.0,0.9986556359875904,1,0.40291666666666665,,,,
31,OV_2,MAIN_2,7169,29.871,7154,15,0,0,15,0.21,322.2818999944068,30.0,322.9972999942272,29.9998,29.8083,0.7154,0.0,0.7154,22.9973,0.0,0,0.0,0,0,0.0,0.0,0.0,143.38,0.0,0.0,0.9979076579718231,1,0.29870833333333335,,,,
31,OV_3,MAIN_3,7161,29.837,7110,35,6,10,51,0.71,322.276999994408,29.9995,322.98799999422954,29.9989,29.625,0.711,0.0,0.711,22.988,0.0,0,0.0,0,0,0.0,0.0,0.0,143.22,0.0,0.0,0.9928780896522832,1,0.298375,,,,
32,OV_1,MAIN_1,9690,40.375,9669,13,0,8,21,0.22,430.6801999922986,40.0013,431.6470999920559,40.0023,40.2875,0.9669,0.0,0.9669,31.6471,0.0,0,0.0,0,0,0.0,0.0,0.0,193.8,0.0,0.0,0.9978328173374613,1,0.40375,,,,
32,OV_2,MAIN_2,7266,30.275,7213,5,0,48,53,0.73,322.9972999942272,29.9998,323.71859999404614,30.0001,30.0542,0.7213,0.0,0.7213,23.7186,0.0,0,0.0,0,0,0.0,0.0,0.0,145.32,0.0,0.0,0.9927057528213598,1,0.30275,,,,
32,OV_3,MAIN_3,7044,29.35,7033,0,0,11,11,0.16,322.98799999422954,29.9989,323.691299994053,29.9976,29.3042,0.7033,0.0,0.7033,23.6913,0.0,0,0.0,0,0,0.0,0.0,0.0,140.88,0.0,0.0,0.9984383872799546,1,0.2935,,,,
33,OV_1,MAIN_1,9693,40.387,9678,1,2,12,15,0.15,431.6470999920559,40.0023,432.614899991813,40.0032,40.325,0.9678,0.0,0.9678,32.6149,0.0,0,0.0,0,0,0.0,0.0,0.0,193.86,0.0,0.0,0.9984524914887032,1,0.403875,,,,
33,OV_2,MAIN_2,7092,29.55,7064,0,19,9,28,0.39,323.71859999404614,30.0001,324.4249999938688,29.999,29.4333,0.7064,0.0,0.7064,24.425,0.0,0,0.0,0,0,0.0,0.0,0.0,141.84,0.0,0.0,0.9960518894529047,1,0.2955,,,,
33,OV_3,MAIN_3,7215,30.062,7206,0,0,9,9,0.12,323.691299994053,29.9976,324.4118999938721,29.9978,30.025,0.7206,0.0,0.7206,24.4119,0.0,0,0.0,0,0,0.0,0.0,0.0,144.3,0.0,0.0,0.9987525987525988,1,0.300625,,,,
34,OV_1,MAIN_1,9581,39.921,9553,0,0,28,28,0.29,432.614899991813,40.0032,433.5701999915732,40.0029,39.8042,0.9553,0.0,0.9553,33.5702,0.0,0,0.0,0,0,0.0,0.0,0.0,191.62,0.0,0.0,0.9970775493163553,1,0.39920833333333333,,,,
34,OV_2,MAIN_2,7169,29.871,7160,9,0,0,9,0.13,324.4249999938688,29.999,325.1409999936891,29.9988,29.8333,0.716,0.0,0.716,25.141,0.0,0,0.0,0,0,0.0,0.0,0.0,143.38,0.0,0.0,0.9987445947830939,1,0.29870833333333335,,,,
34,OV_3,MAIN_3,7250,30.208,7246,0,0,4,4,0.06,324.4118999938721,29.9978,325.1364999936902,29.9984,30.1917,0.7246,0.0,0.7246,25.1365,0.0,0,0.0,0,0,0.0,0.0,0.0,145.0,0.0,0.0,0.999448275862069,1,0.3020833333333333,,,,
35,OV_1,MAIN_1,9617,40.071,9554,37,8,18,63,0.66,433.5701999915732,40.0029,434.52559999133337,40.0027,39.8083,0.9554,0.0,0.9554,34.5256,0.0,0,0.0,0,0,0.0,0.0,0.0,192.34,0.0,0.0,0.9934491005511075,1,0.40070833333333333,,,,
35,OV_2,MAIN_2,7291,30.379,7290,1,0,0,1,0.01,325.1409999936891,29.9988,325.8699999935061,29.9998,30.375,0.729,0.0,0.729,25.87,0.0,0,0.0,0,0,0.0,0.0,0.0,145.82,0.0,0.0,0.9998628446029352,1,0.3037916666666667,,,,
35,OV_3,MAIN_3,7092,29.55,7092,0,0,0,0,0.0,325.1364999936902,29.9984,325.8456999935122,29.9975,29.55,0.7092,0.0,0.7092,25.8457,0.0,0,0.0,0,0,0.0,0.0,0.0,141.84,0.0,0.0,1.0,1,0.2955,,,,
36,OV_1,MAIN_1,9760,40.667,9748,6,6,0,12,0.12,434.52559999133337,40.0027,435.5003999910887,40.0043,40.6167,0.9748,0.0,0.9748,35.5004,0.0,0,0.0,0,0,0.0,0.0,0.0,195.2,0.0,0.0,0.9987704918032787,1,0.4066666666666667,,,,
36,OV_2,MAIN_2,7109,29.621,7070,25,0,14,39,0.55,325.8699999935061,29.9998,326.5769999933286,29.9988,29.4583,0.707,0.0,0.707,26.577,0.0,0,0.0,0,0,0.0,0.0,0.0,142.18,0.0,0.0,0.9945139963426642,1,0.29620833333333335,,,,
36,OV_3,MAIN_3,7131,29.712,7100,0,6,25,31,0.43,325.8456999935122,29.9975,326.555699993334,29.9969,29.5833,0.71,0.0,0.71,26.5557,0.0,0,0.0,0,0,0.0,0.0,0.0,142.62,0.0,0.0,0.9956527836208106,1,0.297125,,,,
37,OV_1,MAIN_1,9688,40.367,9667,0,0,21,21,0.22,435.5003999910887,40.0043,436.467099990846,40.0051,40.2792,0.9667,0.0,0.9667,36.4671,0.0,0,0.0,0,0,0.0,0.0,0.0,193.76,0.0,0.0,0.9978323699421965,1,0.4036666666666667,,,,
37,OV_2,MAIN_2,7070,29.458,7061,2,7,0,9,0.13,326.5769999933286,29.9988,327.2830999931514,29.9977,29.4208,0.7061,0.0,0.7061,27.2831,0.0,0,0.0,0,0,0.0,0.0,0.0,141.4,0.0,0.0,0.9987270155586987,1,0.2945833333333333,,,,
37,OV_3,MAIN_3,7242,30.175,7228,0,0,14,14,0.19,326.555699993334,29.9969,327.27849999315254,29.9972,30.1167,0.7228,0.0,0.7228,27.2785,0.0,0,0.0,0,0,0.0,0.0,0.0,144.84,0.0,0.0,0.9980668323667495,1,0.30175,,,,
38,OV_1,MAIN_1,9677,40.321,9622,0,15,40,55,0.57,436.467099990846,40.0051,437.4292999906045,40.0057,40.0917,0.9622,0.0,0.9622,37.4293,0.0,0,0.0,0,0,0.0,0.0,0.0,193.54,0.0,0.0,0.9943164203782164,1,0.40320833333333334,,,,
38,OV_2,MAIN_2,7122,29.675,7095,0,0,27,27,0.38,327.2830999931514,29.9977,327.9925999929733,29.997,29.5625,0.7095,0.0,0.7095,27.9926,0.0,0,0.0,0,0,0.0,0.0,0.0,142.44,0.0,0.0,0.9962089300758215,1,0.29675,,,,
38,OV_3,MAIN_3,7201,30.004,7177,0,1,23,24,0.33,327.27849999315254,29.9972,327.9961999929724,29.9973,29.9042,0.7177,0.0,0.7177,27.9962,0.0,0,0.0,0,0,0.0,0.0,0.0,144.02,0.0,0.0,0.9966671295653381,1,0.30004166666666665,,,,
39,OV_1,MAIN_1,9629,40.121,9613,5,11,0,16,0.17,437.4292999906045,40.0057,438.3905999903632,40.006,40.0542,0.9613,0.0,0.9613,38.3906,0.0,0,0.0,0,0,0.0,0.0,0.0,192.58,0.0,0.0,0.9983383528923045,1,0.40120833333333333,,,,
39,OV_2,MAIN_2,7285,30.354,7284,0,0,1,1,0.01,327.9925999929733,29.997,328.72099999279044,29.9979,30.35,0.7284,0.0,0.7284,28.721,0.0,0,0.0,0,0,0.0,0.0,0.0,145.70000000000002,0.0,0.0,0.9998627316403569,1,0.30354166666666665,,,,
39,OV_3,MAIN_3,7086,29.525,7048,16,16,6,38,0.54,327.9961999929724,29.9973,328.70099999279546,29.9961,29.3667,0.7048,0.0,0.7048,28.701,0.0,0,0.0,0,0,0.0,0.0,0.0,141.72,0.0,0.0,0.9946373130115721,1,0.29525,,,,
40,OV_1,MAIN_1,9607,40.029,9542,0,24,41,65,0.68,438.3905999903632,40.006,439.3447999901237,40.0057,39.7583,0.9542,0.0,0.9542,39.3448,0.0,0,0.0,0,0,0.0,0.0,0.0,192.14,0.0,0.0,0.993234100135318,1,0.40029166666666666,,,,
40,OV_2,MAIN_2,7255,30.229,7245,0,9,1,10,0.14,328.72099999279044,29.9979,329.4454999926086,29.9985,30.1875,0.7245,0.0,0.7245,29.4455,0.0,0,0.0,0,0,0.0,0.0,0.0,145.1,0.0,0.0,0.9986216402481047,1,0.3022916666666667,,,,
40,OV_3,MAIN_3,7138,29.742,7138,0,0,0,0,0.0,328.70099999279546,29.9961,329.4147999926163,29.9957,29.7417,0.7138,0.0,0.7138,29.4148,0.0,0,0.0,0,0,0.0,0.0,0.0,142.76,0.0,0.0,1.0,1,0.29741666666666666,,,,
41,OV_1,MAIN_1,9636,40.15,9595,0,0,41,41,0.43,439.3447999901237,40.0057,440.3042999898828,40.0059,39.9792,0.9595,0.0,0.9595,40.3043,0.0,0,0.0,0,0,0.0,0.0,0.0,192.72,0.0,0.0,0.9957451224574512,1,0.4015,,,,
41,OV_2,MAIN_2,7293,30.387,7274,10,4,5,19,0.26,329.4454999926086,29.9985,330.172899992426,29.9994,30.3083,0.7274,0.0,0.7274,30.1729,0.0,0,0.0,0,0,0.0,0.0,0.0,145.86,0.0,0.0,0.9973947621006445,1,0.303875,,,,
41,OV_3,MAIN_3,7071,29.463,7058,13,0,0,13,0.18,329.4147999926163,29.9957,330.1205999924391,29.9947,29.4083,0.7058,0.0,0.7058,30.1206,0.0,0,0.0,0,0,0.0,0.0,0.0,141.42000000000002,0.0,0.0,0.9981615047376609,1,0.294625,,,,
42,OV_1,MAIN_1,9571,39.879,9565,0,6,0,6,0.06,440.3042999898828,40.0059,441.2607999896427,40.0057,39.8542,0.9565,0.0,0.9565,41.2608,0.0,0,0.0,0,0,0.0,0.0,0.0,191.42,0.0,0.0,0.9993731062584892,1,0.39879166666666666,,,,
42,OV_2,MAIN_2,7296,30.4,7287,7,2,0,9,0.12,330.172899992426,29.9994,330.90159999224306,30.0003,30.3625,0.7287,0.0,0.7287,30.9016,0.0,0,0.0,0,0,0.0,0.0,0.0,145.92000000000002,0.0,0.0,0.998766447368421,1,0.304,,,,
42,OV_3,MAIN_3,7133,29.721,7126,0,0,7,7,0.1,330.1205999924391,29.9947,330.83319999226023,29.9941,29.6917,0.7126,0.0,0.7126,30.8332,0.0,0,0.0,0,0,0.0,0.0,0.0,142.66,0.0,0.0,0.9990186457311089,1,0.29720833333333335,,,,
43,OV_1,MAIN_1,9593,39.971,9580,13,0,0,13,0.14,441.2607999896427,40.0057,442.2187999894022,40.0057,39.9167,0.958,0.0,0.958,42.2188,0.0,0,0.0,0,0,0.0,0.0,0.0,191.86,0.0,0.0,0.9986448451996247,1,0.39970833333333333,,,,
43,OV_2,MAIN_2,7209,30.038,7208,1,0,0,1,0.01,330.90159999224306,30.0003,331.6223999920621,30.0005,30.0333,0.7208,0.0,0.7208,31.6224,0.0,0,0.0,0,0,0.0,0.0,0.0,144.18,0.0,0.0,0.9998612845054793,1,0.300375,,,,
43,OV_3,MAIN_3,7198,29.992,7159,15,14,10,39,0.54,330.83319999226023,29.9941,331.5490999920805,29.9938,29.8292,0.7159,0.0,0.7159,31.5491,0.0,0,0.0,0,0,0.0,0.0,0.0,143.96,0.0,0.0,0.9945818282856349,1,0.29991666666666666,,,,
44,OV_1,MAIN_1,9653,40.221,9653,0,0,0,0,0.0,442.2187999894022,40.0057,443.1840999891599,40.0062,40.2208,0.9653,0.0,0.9653,43.1841,0.0,0,0.0,0,0,0.0,0.0,0.0,193.06,0.0,0.0,1.0,1,0.40220833333333333,,,,
44,OV_2,MAIN_2,7215,30.062,7197,18,0,0,18,0.25,331.6223999920621,30.0005,332.34209999188147,30.0005,29.9875,0.7197,0.0,0.7197,32.3421,0.0,0,0.0,0,0,0.0,0.0,0.0,144.3,0.0,0.0,0.9975051975051975,1,0.300625,,,,
44,OV_3,MAIN_3,7132,29.717,7119,8,0,5,13,0.18,331.5490999920805,29.9938,332.2609999919018,29.9932,29.6625,0.7119,0.0,0.7119,32.261,0.0,0,0.0,0,0,0.0,0.0,0.0,142.64,0.0,0.0,0.9981772293886708,1,0.2971666666666667,,,,
45,OV_1,MAIN_1,9527,39.696,9519,0,8,0,8,0.08,443.1840999891599,40.0062,444.13599998892096,40.0055,39.6625,0.9519,0.0,0.9519,44.136,0.0,0,0.0,0,0,0.0,0.0,0.0,190.54,0.0,0.0,0.9991602813057626,1,0.39695833333333336,,,,
45,OV_2,MAIN_2,7323,30.512,7322,0,1,0,1,0.01,332.34209999188147,30.0005,333.07429999169767,30.0017,30.5083,0.7322,0.0,0.7322,33.0743,0.0,0,0.0,0,0,0.0,0.0,0.0,146.46,0.0,0.0,0.9998634439437389,1,0.305125,,,,
45,OV_3,MAIN_3,7150,29.792,7150,0,0,0,0,0.0,332.2609999919018,29.9932,332.97599999172235,29.9928,29.7917,0.715,0.0,0.715,32.976,0.0,0,0.0,0,0,0.0,0.0,0.0,143.0,0.0,0.0,1.0,1,0.29791666666666666,,,,
46,OV_1,MAIN_1,9603,40.013,9595,0,8,0,8,0.08,444.13599998892096,40.0055,445.0954999886801,40.0057,39.9792,0.9595,0.0,0.9595,45.0955,0.0,0,0.0,0,0,0.0,0.0,0.0,192.06,0.0,0.0,0.9991669270019785,1,0.400125,,,,
46,OV_2,MAIN_2,7156,29.817,7115,0,0,41,41,0.57,333.07429999169767,30.0017,333.78579999151907,30.001,29.6458,0.7115,0.0,0.7115,33.7858,0.0,0,0.0,0,0,0.0,0.0,0.0,143.12,0.0,0.0,0.9942705422023477,1,0.2981666666666667,,,,
46,OV_3,MAIN_3,7241,30.171,7237,0,0,4,4,0.06,332.97599999172235,29.9928,333.6996999915407,29.9933,30.1542,0.7237,0.0,0.7237,33.6997,0.0,0,0.0,0,0,0.0,0.0,0.0,144.82,0.0,0.0,0.999447590111863,1,0.30170833333333336,,,,
47,OV_1,MAIN_1,9586,39.942,9583,0,0,3,3,0.03,445.0954999886801,40.0057,446.0537999884396,40.0057,39.9292,0.9583,0.0,0.9583,46.0538,0.0,0,0.0,0,0,0.0,0.0,0.0,191.72,0.0,0.0,0.9996870436052576,1,0.39941666666666664,,,,
47,OV_2,MAIN_2,7176,29.9,7163,0,5,8,13,0.18,333.78579999151907,30.001,334.50209999133926,30.0008,29.8458,0.7163,0.0,0.7163,34.5021,0.0,0,0.0,0,0,0.0,0.0,0.0,143.52,0.0,0.0,0.9981884057971014,1,0.299,,,,
47,OV_3,MAIN_3,7238,30.158,7204,13,4,17,34,0.47,333.6996999915407,29.9933,334.42009999135985,29.9935,30.0167,0.7204,0.0,0.7204,34.4201,0.0,0,0.0,0,0,0.0,0.0,0.0,144.76,0.0,0.0,0.9953025697706549,1,0.3015833333333333,,,,
48,OV_1,MAIN_1,9608,40.033,9553,31,0,24,55,0.57,446.0537999884396,40.0057,447.00909998819975,40.0055,39.8042,0.9553,0.0,0.9553,47.0091,0.0,0,0.0,0,0,0.0,0.0,0.0,192.16,0.0,0.0,0.9942756036636137,1,0.4003333333333333,,,,
48,OV_2,MAIN_2,7087,29.529,7082,5,0,0,5,0.07,334.50209999133926,30.0008,335.2102999911615,30.0,29.5083,0.7082,0.0,0.7082,35.2103,0.0,0,0.0,0,0,0.0,0.0,0.0,141.74,0.0,0.0,0.9992944828559334,1,0.2952916666666667,,,,
48,OV_3,MAIN_3,7305,30.438,7291,14,0,0,14,0.19,334.42009999135985,29.9935,335.14919999117683,29.9945,30.3792,0.7291,0.0,0.7291,35.1492,0.0,0,0.0,0,0,0.0,0.0,0.0,146.1,0.0,0.0,0.9980835044490075,1,0.304375,,,,
49,OV_1,MAIN_1,9604,40.017,9589,15,0,0,15,0.16,447.00909998819975,40.0055,447.9679999879591,40.0055,39.9542,0.9589,0.0,0.9589,47.968,0.0,0,0.0,0,0,0.0,0.0,0.0,192.08,0.0,0.0,0.9984381507705122,1,0.40016666666666667,,,,
49,OV_2,MAIN_2,7356,30.65,7356,0,0,0,0,0.0,335.2102999911615,30.0,335.94589999097684,30.0014,30.65,0.7356,0.0,0.7356,35.9459,0.0,0,0.0,0,0,0.0,0.0,0.0,147.12,0.0,0.0,1.0,1,0.3065,,,,
49,OV_3,MAIN_3,7040,29.333,7025,6,0,9,15,0.21,335.14919999117683,29.9945,335.8516999910005,29.993,29.2708,0.7025,0.0,0.7025,35.8517,0.0,0,0.0,0,0,0.0,0.0,0.0,140.8,0.0,0.0,0.9978693181818182,1,0.29333333333333333,,,,
0,OV_1,MAIN_1,9470,39.458,9470,0,0,0,0,0.0,400.0,40.0,400.9469999997623,39.9987,39.4583,0.947,0.0,0.947,0.947,0.0,0,0.0,0,0,0.0,0.0,0.0,473.5,0.0,0.0,1.0,2,0.39458333333333334,1.0,0.0,0.0,0.0
0,OV_2,MAIN_2,7285,30.354,7285,0,0,0,0,0.0,300.0,30.0,300.7284999998172,30.0008,30.3542,0.7285,0.0,0.7285,0.7285,0.0,0,0.0,0,0,0.0,0.0,0.0,364.25,0.0,0.0,1.0,2,0.30354166666666665,0.0,0.0,0.0,0.0
0,OV_3,MAIN_3,7245,30.188,7245,0,0,0,0,0.0,300.0,30.0,300.72449999981814,30.0004,30.1875,0.7245,0.0,0.7245,0.7245,0.0,0,0.0,0,0,0.0,0.0,0.0,362.25,0.0,0.0,1.0,2,0.301875,0.0,0.0,0.0,0.0
1,OV_1,MAIN_1,9712,40.467,7577,0,2135,0,2135,21.98,400.9469999997623,39.9987,49.56869447181295,7.5973,31.5708,0.7577,0.0828,0.7577,1.7047,0.0828,2368,7.104,2637,2135,100.0,2367.76,0.0,485.6,0.0,2367.76,0.780168863261944,2,0.4046666666666667,1.0,0.0,0.0,0.0
1,OV_2,MAIN_2,7160,29.833,7132,27,1,0,28,0.39,300.7284999998172,30.0008,301.4416999996381,46.2017,29.7167,0.7132,0.0899,0.7132,1.4417,0.0899,0,0.0,0,0,0.0,0.0,0.0,358.0,0.0,0.0,0.9960893854748604,2,0.29833333333333334,0.0,0.0,0.0,0.0
1,OV_3,MAIN_3,7128,29.7,7128,0,0,0,0,0.0,300.72449999981814,30.0004,301.4372999996392,46.201,29.7,0.7128,0.0851,0.7128,1.4373,0.0851,0,0.0,0,0,0.0,0.0,0.0,356.40000000000003,0.0,0.0,1.0,2,0.297,0.0,0.0,0.0,0.0
2,OV_1,MAIN_1,1896,7.9,1434,0,462,0,462,24.37,49.56869447181295,7.5973,44.60023307431033,6.8649,5.975,0.1434,0.0,0.1434,1.8481,0.0828,2670,8.01,494,462,100.0,516.48,214.91826609417723,94.8,2368.0,2669.5593659058227,0.7563291139240507,2,0.079,1.0,0.0,0.0,0.0
2,OV_2,MAIN_2,11027,45.946,11020,7,0,0,7,0.06,301.4416999996381,46.2017,302.5436999993615,46.5675,45.9167,1.102,0.0,1.102,2.5437,0.0899,0,0.0,0,0,0.0,0.0,0.0,551.35,0.0,0.0,0.9993651945225356,2,0.45945833333333336,0.0,0.0,0.0,0.0
2,OV_3,MAIN_3,11077,46.154,11077,0,0,0,0,0.0,301.4372999996392,46.201,302.54499999936115,46.5677,46.1542,1.1077,0.0,1.1077,2.545,0.0851,0,0.0,0,0,0.0,0.0,0.0,553.85,0.0,0.0,1.0,2,0.4615416666666667,0.0,0.0,0.0,0.0
3,OV_1,MAIN_1,1635,6.813,1319,0,316,0,316,19.33,44.60023307431033,6.8649,43.34483502259035,6.6616,5.4958,0.1319,0.0,0.1319,1.98,0.0828,2758,8.274000000000001,396,316,100.0,346.5,258.47533785467886,81.75,2670.0,2758.0219921453213,0.8067278287461773,2,0.068125,1.0,0.0,0.0,0.0
3,OV_2,MAIN_2,11187,46.613,11162,0,0,25,25,0.22,302.5436999993615,46.5675,303.6598999990813,46.6691,46.5083,1.1162,0.0,1.1162,3.6599,0.0899,0,0.0,0,0,0.0,0.0,0.0,559.35,0.0,0.0,0.9977652632519889,2,0.466125,0.0,0.0,0.0,0.0
3,OV_3,MAIN_3,11178,46.575,11166,4,8,0,12,0.11,302.54499999936115,46.5677,303.66159999908086,46.6693,46.525,1.1166,0.0,1.1166,3.6616,0.0851,0,0.0,0,0,0.0,0.0,0.0,558.9,0.0,0.0,0.9989264626945786,2,0.46575,0.0,0.0,0.0,0.0
4,OV_1,MAIN_1,1593,6.638,1278,0,315,0,315,19.77,43.34483502259035,6.6616,42.25152884306724,6.4822,5.325,0.1278,0.0,0.1278,2.1078,0.0828,2839,8.517,394,315,100.0,346.14000000000004,265.51566668745767,79.65,2758.0,2838.621575312542,0.8022598870056498,2,0.066375,1.0,0.0,0.0,0.0
4,OV_2,MAIN_2,11246,46.858,11242,1,0,3,4,0.04,303.6598999990813,46.6691,304.7840999987991,46.7597,46.8417,1.1242,0.0,1.1242,4.7841,0.0899,0,0.0,0,0,0.0,0.0,0.0,562.3000000000001,0.0,0.0,0.9996443179797261,2,0.46858333333333335,0.0,0.0,0.0,0.0
4,OV_3,MAIN_3,11161,46.504,11125,10,23,3,36,0.32,303.66159999908086,46.6693,304.7740999988016,46.7581,46.3542,1.1125,0.0,1.1125,4.7741,0.0851,0,0.0,0,0,0.0,0.0,0.0,558.0500000000001,0.0,0.0,0.9967744825732461,2,0.4650416666666667,0.0,0.0,0.0,0.0
5,OV_1,MAIN_1,1517,6.321,1180,0,337,0,337,22.21,42.25152884306724,6.4822,40.85999593655438,6.2605,4.9167,0.118,0.0,0.118,2.2258,0.0828,2948,8.844,401,337,100.0,374.06,264.9980210926829,75.85000000000001,2839.0,2948.059139907317,0.7778510217534608,2,0.06320833333333334,1.0,0.0,0.0,0.0
5,OV_2,MAIN_2,11289,47.038,11226,27,0,36,63,0.56,304.7840999987991,46.7597,305.9066999985173,46.8709,46.775,1.1226,0.0,1.1226,5.9067,0.0899,0,0.0,0,0,0.0,0.0,0.0,564.45,0.0,0.0,0.9944193462662769,2,0.470375,0.0,0.0,0.0,0.0
5,OV_3,MAIN_3,11194,46.642,11179,0,7,8,15,0.13,304.7740999988016,46.7581,305.891999998521,46.8686,46.5792,1.1179,0.0,1.1179,5.892,0.0851,0,0.0,0,0,0.0,0.0,0.0,559.7,0.0,0.0,0.9986599964266571,2,0.46641666666666665,0.0,0.0,0.0,0.0
6,OV_1,MAIN_1,1465,6.104,1196,0,269,0,269,18.36,40.85999593655438,6.2605,40.80996044217581,6.2319,4.9833,0.1196,0.0,0.1196,2.3454,0.0828,2953,8.859,321,269,100.0,293.5,288.8030968621433,73.25,2948.0,2952.6939551378564,0.816382252559727,2,0.06104166666666667,1.0,0.0,0.0,0.0
6,OV_2,MAIN_2,11365,47.354,11360,0,0,5,5,0.04,305.9066999985173,46.8709,307.04269999823214,46.887,47.3333,1.136,0.0,1.136,7.0427,0.0899,0,0.0,0,0,0.0,0.0,0.0,568.25,0.0,0.0,0.9995600527936648,2,0.4735416666666667,0.0,0.0,0.0,0.0
6,OV_3,MAIN_3,11170,46.542,11128,33,0,9,42,0.38,305.891999998521,46.8686,307.00479999824165,46.8812,46.3667,1.1128,0.0,1.1128,7.0048,0.0851,0,0.0,0,0,0.0,0.0,0.0,558.5,0.0,0.0,0.9962399283795882,2,0.46541666666666665,0.0,0.0,0.0,0.0
7,OV_1,MAIN_1,1497,6.237,1199,0,298,0,298,19.91,40.80996044217581,6.2319,40.28278450599351,6.1352,4.9958,0.1199,0.0,0.1199,2.4653,0.0828,2997,8.991,360,298,100.0,327.66,283.81911497819635,74.85000000000001,2953.0,2996.837932021803,0.800935203740815,2,0.062375,1.0,0.0,0.0,0.0
7,OV_2,MAIN_2,11290,47.042,11285,0,5,0,5,0.04,307.04269999823214,46.887,308.17119999794886,46.9358,47.0208,1.1285,0.0,1.1285,8.1712,0.0899,0,0.0,0,0,0.0,0.0,0.0,564.5,0.0,0.0,0.9995571302037201,2,0.47041666666666665,0.0,0.0,0.0,0.0
7,OV_3,MAIN_3,11213,46.721,11211,2,0,0,2,0.02,307.00479999824165,46.8812,308.12589999796023,46.9289,46.7125,1.1211,0.0,1.1211,8.1259,0.0851,0,0.0,0,0,0.0,0.0,0.0,560.65,0.0,0.0,0.9998216356015339,2,0.46720833333333334,0.0,0.0,0.0,0.0
8,OV_1,MAIN_1,1447,6.029,1141,0,306,0,306,21.15,40.28278450599351,6.1352,39.63956281994412,6.0225,4.7542,0.1141,0.0,0.1141,2.5794,0.0828,3052,9.156,370,306,100.0,338.26,283.58592235712507,72.35000000000001,2997.0,3051.6710806428746,0.78852798894264,2,0.06029166666666667,1.0,0.0,0.0,0.0
8,OV_2,MAIN_2,11346,47.275,11346,0,0,0,0,0.0,308.17119999794886,46.9358,309.30579999766405,46.9934,47.275,1.1346,0.0,1.1346,9.3058,0.0899,0,0.0,0,0,0.0,0.0,0.0,567.3000000000001,0.0,0.0,1.0,2,0.47275,0.0,0.0,0.0,0.0
8,OV_3,MAIN_3,11207,46.696,11180,27,0,0,27,0.24,308.12589999796023,46.9289,309.2438999976796,46.984,46.5833,1.118,0.0,1.118,9.2439,0.0851,0,0.0,0,0,0.0,0.0,0.0,560.35,0.0,0.0,0.9975907914696172,2,0.4669583333333333,0.0,0.0,0.0,0.0
9,OV_1,MAIN_1,1507,6.279,1146,0,361,0,361,23.95,39.63956281994412,6.0225,38.23891368334667,5.8023,4.775,0.1146,0.0,0.1146,2.694,0.0828,3177,9.531,381,361,100.0,403.06,278.50737909021893,75.35000000000001,3052.0,3176.549568909781,0.7604512276045122,2,0.06279166666666666,1.0,0.0,0.0,0.0
9,OV_2,MAIN_2,11321,47.171,11321,0,0,0,0,0.0,309.30579999766405,46.9934,310.4378999973799,47.1052,47.1708,1.1321,0.0,1.1321,10.4379,0.0899,0,0.0,0,0,0.0,0.0,0.0,566.0500000000001,0.0,0.0,1.0,2,0.47170833333333334,0.0,0.0,0.0,0.0
9,OV_3,MAIN_3,11172,46.55,11108,10,18,36,64,0.57,309.2438999976796,46.984,310.3546999974008,47.0925,46.2833,1.1108,0.0,1.1108,10.3547,0.0851,0,0.0,0,0,0.0,0.0,0.0,558.6,0.0,0.0,0.9942713927676333,2,0.4655,0.0,0.0,0.0,0.0
10,OV_1,MAIN_1,1398,5.825,1394,0,0,4,4,0.29,38.23891368334667,5.8023,42.89568736016279,6.4413,5.8083,0.1394,0.0,0.1394,2.8334,0.0828,2797,8.391,0,0,0.0,0.0,380.1488044001716,69.9,3177.0,2796.8480185998283,0.9971387696709585,2,0.05825,1.0,0.0,0.0,0.0
10,OV_2,MAIN_2,11412,47.55,11411,0,0,1,1,0.01,310.4378999973799,47.1052,311.57899999709343,46.7874,47.5458,1.1411,0.0,1.1411,11.579,0.0899,0,0.0,0,0,0.0,0.0,0.0,570.6,0.0,0.0,0.9999123729407641,2,0.4755,0.0,0.0,0.0,0.0
10,OV_3,MAIN_3,11190,46.625,11167,0,0,23,23,0.21,310.3546999974008,47.0925,311.47139999712044,46.7713,46.5292,1.1167,0.0,1.1167,11.4714,0.0851,0,0.0,0,0,0.0,0.0,0.0,559.5,0.0,0.0,0.9979445933869526,2,0.46625,0.0,0.0,0.0,0.0
11,OV_1,MAIN_1,1511,6.296,1508,3,0,0,3,0.2,42.89568736016279,6.4413,48.05440019070486,7.1366,6.2833,0.1508,0.0,0.1508,2.9842,0.0828,2462,7.386,0,0,0.0,0.0,334.9732719092521,75.55,2797.0,2462.023931090748,0.9980145598941098,2,0.06295833333333334,1.0,0.0,0.0,0.0
11,OV_2,MAIN_2,11441,47.671,11412,0,9,20,29,0.25,311.57899999709343,46.7874,312.72019999680697,46.4425,47.55,1.1412,0.0,1.1412,12.7202,0.0899,0,0.0,0,0,0.0,0.0,0.0,572.0500000000001,0.0,0.0,0.9974652565335198,2,0.47670833333333335,0.0,0.0,0.0,0.0
11,OV_3,MAIN_3,11048,46.033,11030,18,0,0,18,0.16,311.47139999712044,46.7713,312.5743999968436,46.4209,45.9583,1.103,0.0,1.103,12.5744,0.0851,0,0.0,0,0,0.0,0.0,0.0,552.4,0.0,0.0,0.9983707458363504,2,0.4603333333333333,0.0,0.0,0.0,0.0
12,OV_1,MAIN_1,1721,7.171,1718,0,0,3,3,0.17,48.05440019070486,7.1366,53.74696707095158,7.8893,7.1583,0.1718,0.0,0.1718,3.156,0.0828,2167,6.501,0,0,0.0,0.0,294.92470216971526,86.05000000000001,2462.0,2167.072835830285,0.9982568274259151,2,0.07170833333333333,1.0,0.0,0.0,0.0
12,OV_2,MAIN_2,11133,46.387,11133,0,0,0,0,0.0,312.72019999680697,46.4425,313.8334999965275,46.0661,46.3875,1.1133,0.0,1.1133,13.8335,0.0899,0,0.0,0,0,0.0,0.0,0.0,556.65,0.0,0.0,1.0,2,0.463875,0.0,0.0,0.0,0.0
12,OV_3,MAIN_3,11146,46.442,11130,16,0,0,16,0.14,312.5743999968436,46.4209,313.6873999965642,46.0446,46.375,1.113,0.0,1.113,13.6874,0.0851,0,0.0,0,0,0.0,0.0,0.0,557.3000000000001,0.0,0.0,0.9985645074466176,2,0.46441666666666664,0.0,0.0,0.0,0.0
13,OV_1,MAIN_1,1881,7.838,1881,0,0,0,0,0.0,53.74696707095158,7.8893,60.0125130187711,8.7008,7.8375,0.1881,0.0,0.1881,3.3441,0.0828,1907,5.721,0,0,0.0,0.0,260.03973996,94.05,2167.0,1906.95809304,1.0,2,0.078375,1.0,0.0,0.0,0.0
13,OV_2,MAIN_2,11214,46.725,11140,47,0,27,74,0.66,313.8334999965275,46.0661,314.94749999624787,45.662,46.4167,1.114,0.0,1.114,14.9475,0.0899,0,0.0,0,0,0.0,0.0,0.0,560.7,0.0,0.0,0.9934011057606563,2,0.46725,0.0,0.0,0.0,0.0
13,OV_3,MAIN_3,10905,45.438,10886,10,9,0,19,0.17,313.6873999965642,46.0446,314.7759999962909,45.6372,45.3583,1.0886,0.0,1.0886,14.776,0.0851,0,0.0,0,0,0.0,0.0,0.0,545.25,0.0,0.0,0.9982576799633196,2,0.454375,0.0,0.0,0.0,0.0
14,OV_1,MAIN_1,2113,8.804,2113,0,0,0,0,0.0,60.0125130187711,8.7008,66.88024527661709,9.5709,8.8042,0.2113,0.0,0.2113,3.5554,0.0828,1678,5.034,0,0,0.0,0.0,228.83977116,105.65,1907.0,1678.15832184,1.0,2,0.08804166666666667,1.0,0.0,0.0,0.0
14,OV_2,MAIN_2,10857,45.238,10828,14,0,15,29,0.27,314.94749999624787,45.662,316.03029999597607,45.2255,45.1167,1.0828,0.0,1.0828,16.0303,0.0899,0,0.0,0,0,0.0,0.0,0.0,542.85,0.0,0.0,0.9973289122225293,2,0.452375,0.0,0.0,0.0,0.0
14,OV_3,MAIN_3,11030,45.958,11009,21,0,0,21,0.19,314.7759999962909,45.6372,315.8768999960146,45.2036,45.8708,1.1009,0.0,1.1009,15.8769,0.0851,0,0.0,0,0,0.0,0.0,0.0,551.5,0.0,0.0,0.9980961015412512,2,0.45958333333333334,0.0,0.0,0.0,0.0
15,OV_1,MAIN_1,2234,9.308,2232,2,0,0,2,0.09,66.88024527661709,9.5709,74.34700791733594,10.4946,9.3,0.2232,0.0,0.2232,3.7786,0.0828,1477,4.431,0,0,0.0,0.0,201.17953024372423,111.7,1678.0,1476.8187917562757,0.999104744852283,2,0.09308333333333334,1.0,0.0,0.0,0.0
15,OV_2,MAIN_2,10927,45.529,10923,4,0,0,4,0.04,316.03029999597607,45.2255,317.1225999957019,44.7642,45.5125,1.0923,0.0,1.0923,17.1226,0.0899,0,0.0,0,0,0.0,0.0,0.0,546.35,0.0,0.0,0.9996339342912053,2,0.45529166666666665,0.0,0.0,0.0,0.0
15,OV_3,MAIN_3,10839,45.163,10823,0,16,0,16,0.15,315.8768999960146,45.2036,316.9591999957429,44.7412,45.0958,1.0823,0.0,1.0823,16.9592,0.0851,0,0.0,0,0,0.0,0.0,0.0,541.95,0.0,0.0,0.9985238490635667,2,0.451625,0.0,0.0,0.0,0.0
16,OV_1,MAIN_1,2482,10.342,2469,8,5,0,13,0.52,74.34700791733594,10.4946,82.40373240852324,11.4667,10.2875,0.2469,0.0,0.2469,4.0255,0.0828,1301,3.903,0,0,0.0,0.0,176.3114916980016,124.1,1477.0,1300.6870313019983,0.9947622884770346,2,0.10341666666666667,1.0,0.0,0.0,0.0
16,OV_2,MAIN_2,10680,44.5,10680,0,0,0,0,0.0,317.1225999957019,44.7642,318.1905999954338,44.2769,44.5,1.068,0.0,1.068,18.1906,0.0899,0,0.0,0,0,0.0,0.0,0.0,534.0,0.0,0.0,1.0,2,0.445,0.0,0.0,0.0,0.0
16,OV_3,MAIN_3,10838,45.158,10838,0,0,0,0,0.0,316.9591999957429,44.7412,318.04299999547084,44.2564,45.1583,1.0838,0.0,1.0838,18.043,0.0851,0,0.0,0,0,0.0,0.0,0.0,541.9,0.0,0.0,1.0,2,0.45158333333333334,0.0,0.0,0.0,0.0
17,OV_1,MAIN_1,2747,11.446,2744,3,0,0,3,0.11,82.40373240852324,11.4667,91.16119503921549,12.4961,11.4333,0.2744,0.0,0.2744,4.2999,0.0828,1145,3.435,0,0,0.0,0.0,155.94934532461593,137.35,1301.0,1145.049353675384,0.9989078995267565,2,0.11445833333333333,1.0,0.0,0.0,0.0
17,OV_2,MAIN_2,10628,44.283,10625,0,3,0,3,0.03,318.1905999954338,44.2769,319.2530999951671,43.7621,44.2708,1.0625,0.0,1.0625,19.2531,0.0899,0,0.0,0,0,0.0,0.0,0.0,531.4,0.0,0.0,0.9997177267595032,2,0.44283333333333336,0.0,0.0,0.0,0.0
17,OV_3,MAIN_3,10625,44.271,10616,6,3,0,9,0.08,318.04299999547084,44.2564,319.10459999520435,43.7418,44.2333,1.0616,0.0,1.0616,19.1046,0.0851,0,0.0,0,0,0.0,0.0,0.0,531.25,0.0,0.0,0.9991529411764706,2,0.4427083333333333,0.0,0.0,0.0,0.0
18,OV_1,MAIN_1,3090,12.875,3076,5,0,9,14,0.45,91.16119503921549,12.4961,100.54858349871854,13.5694,12.8167,0.3076,0.0,0.3076,4.6075,0.0828,1008,3.024,0,0,0.0,0.0,136.77733895067962,154.5,1145.0,1008.2215160493204,0.9954692556634305,2,0.12875,1.0,0.0,0.0,0.0
18,OV_2,MAIN_2,10343,43.096,10339,0,0,4,4,0.04,319.2530999951671,43.7621,320.28699999490755,43.2239,43.0792,1.0339,0.0,1.0339,20.287,0.0899,0,0.0,0,0,0.0,0.0,0.0,517.15,0.0,0.0,0.9996132650101518,2,0.43095833333333333,0.0,0.0,0.0,0.0
18,OV_3,MAIN_3,10567,44.029,10543,0,0,24,24,0.23,319.10459999520435,43.7418,320.1588999949397,43.2067,43.9292,1.0543,0.0,1.0543,20.1589,0.0851,0,0.0,0,0,0.0,0.0,0.0,528.35,0.0,0.0,0.9977287782719788,2,0.4402916666666667,0.0,0.0,0.0,0.0
19,OV_1,MAIN_1,3300,13.75,3294,0,6,0,6,0.18,100.54858349871854,13.5694,110.60827642686718,14.6867,13.725,0.3294,0.0,0.3294,4.9369,0.0828,887,2.661,0,0,0.0,0.0,120.73995198719996,165.0,1008.0,887.2590400127999,0.9981818181818182,2,0.1375,1.0,0.0,0.0,0.0
19,OV_2,MAIN_2,10333,43.054,10311,22,0,0,22,0.21,320.28699999490755,43.2239,321.3180999946487,42.6649,42.9625,1.0311,0.0,1.0311,21.3181,0.0899,0,0.0,0,0,0.0,0.0,0.0,516.65,0.0,0.0,0.99787089906126,2,0.43054166666666666,0.0,0.0,0.0,0.0
19,OV_3,MAIN_3,10367,43.196,10353,0,0,14,14,0.14,320.1588999949397,43.2067,321.1941999946798,42.6484,43.1375,1.0353,0.0,1.0353,21.1942,0.0851,0,0.0,0,0,0.0,0.0,0.0,518.35,0.0,0.0,0.9986495611073599,2,0.43195833333333333,0.0,0.0,0.0,0.0
20,OV_1,MAIN_1,3577,14.904,3561,11,5,0,16,0.45,110.60827642686718,14.6867,121.23631468700908,15.8316,14.8375,0.3561,0.0,0.3561,5.293,0.0828,781,2.343,0,0,0.0,0.0,105.96378556532288,178.85000000000002,887.0,781.0353274346771,0.9955269779144534,2,0.14904166666666666,1.0,0.0,0.0,0.0
20,OV_2,MAIN_2,10337,43.071,10317,20,0,0,20,0.19,321.3180999946487,42.6649,322.34979999438974,42.0939,42.9875,1.0317,0.0,1.0317,22.3498,0.0899,0,0.0,0,0,0.0,0.0,0.0,516.85,0.0,0.0,0.9980652026700203,2,0.43070833333333336,0.0,0.0,0.0,0.0
20,OV_3,MAIN_3,10086,42.025,10078,0,8,0,8,0.08,321.1941999946798,42.6484,322.20199999442684,42.0746,41.9917,1.0078,0.0,1.0078,22.202,0.0851,0,0.0,0,0,0.0,0.0,0.0,504.3,0.0,0.0,0.9992068213365061,2,0.42025,0.0,0.0,0.0,0.0
21,OV_1,MAIN_1,3765,15.687,3757,0,0,8,8,0.21,121.23631468700908,15.8316,132.52816073132217,17.0104,15.6542,0.3757,0.0,0.3757,5.6687,0.0828,687,2.061,0,0,0.0,0.0,93.52076703690835,188.25,781.0,687.4784519630916,0.997875166002656,2,0.156875,1.0,0.0,0.0,0.0
21,OV_2,MAIN_2,10195,42.479,10181,12,0,2,14,0.14,322.34979999438974,42.0939,323.3678999941342,41.5052,42.4208,1.0181,0.0,1.0181,23.3679,0.0899,0,0.0,0,0,0.0,0.0,0.0,509.75,0.0,0.0,0.9986267778322707,2,0.4247916666666667,0.0,0.0,0.0,0.0
21,OV_3,MAIN_3,10040,41.833,10040,0,0,0,0,0.0,322.20199999442684,42.0746,323.2059999941748,41.4844,41.8333,1.004,0.0,1.004,23.206,0.0851,0,0.0,0,0,0.0,0.0,0.0,502.0,0.0,0.0,1.0,2,0.41833333333333333,0.0,0.0,0.0,0.0
22,OV_1,MAIN_1,4010,16.708,4002,5,3,0,8,0.2,132.52816073132217,17.0104,144.25182948436114,18.1948,16.675,0.4002,0.0,0.4002,6.0689,0.0828,605,1.815,0,0,0.0,0.0,82.27544889653865,200.5,687.0,604.7238641034614,0.9980049875311721,2,0.16708333333333333,1.0,0.0,0.0,0.0
22,OV_2,MAIN_2,9995,41.646,9949,23,0,23,46,0.46,323.3678999941342,41.5052,324.36279999388444,40.9126,41.4542,0.9949,0.0,0.9949,24.3628,0.0899,0,0.0,0,0,0.0,0.0,0.0,499.75,0.0,0.0,0.9953976988494248,2,0.4164583333333333,0.0,0.0,0.0,0.0
22,OV_3,MAIN_3,9995,41.646,9983,0,0,12,12,0.12,323.2059999941748,41.4844,324.2042999939242,40.8926,41.5958,0.9983,0.0,0.9983,24.2043,0.0851,0,0.0,0,0,0.0,0.0,0.0,499.75,0.0,0.0,0.9987993996998499,2,0.4164583333333333,0.0,0.0,0.0,0.0
23,OV_1,MAIN_1,4415,18.396,4410,5,0,0,5,0.11,144.25182948436114,18.1948,156.59087056947837,19.4014,18.375,0.441,0.0,0.441,6.5099,0.0828,532,1.596,0,0,0.0,0.0,72.51770777667043,220.75,605.0,532.4816872233295,0.9988674971687429,2,0.18395833333333333,1.0,0.0,0.0,0.0
23,OV_2,MAIN_2,9827,40.946,9810,0,0,17,17,0.17,324.36279999388444,40.9126,325.3437999936382,40.3096,40.875,0.981,0.0,0.981,25.3438,0.0899,0,0.0,0,0,0.0,0.0,0.0,491.35,0.0,0.0,0.9982700722499237,2,0.4094583333333333,0.0,0.0,0.0,0.0
23,OV_3,MAIN_3,9758,40.658,9739,0,13,6,19,0.19,324.2042999939242,40.8926,325.1781999936797,40.2891,40.5792,0.9739,0.0,0.9739,25.1782,0.0851,0,0.0,0,0,0.0,0.0,0.0,487.9,0.0,0.0,0.9980528796884608,2,0.40658333333333335,0.0,0.0,0.0,0.0
24,OV_1,MAIN_1,4568,19.033,4568,0,0,0,0,0.0,156.59087056947837,19.4014,169.2873128112526,20.601,19.0333,0.4568,0.0,0.4568,6.9667,0.0828,468,1.404,0,0,0.0,0.0,63.83993615999999,228.4,532.0,468.15953184,1.0,2,0.19033333333333333,1.0,0.0,0.0,0.0
24,OV_2,MAIN_2,9517,39.654,9463,2,0,52,54,0.57,325.3437999936382,40.3096,326.29009999340064,39.707,39.4292,0.9463,0.0,0.9463,26.2901,0.0899,0,0.0,0,0,0.0,0.0,0.0,475.85,0.0,0.0,0.9943259430492802,2,0.3965416666666667,0.0,0.0,0.0,0.0
24,OV_3,MAIN_3,9915,41.312,9885,5,0,25,30,0.3,325.1781999936797,40.2891,326.1666999934316,39.692,41.1875,0.9885,0.0,0.9885,26.1667,0.0851,0,0.0,0,0,0.0,0.0,0.0,495.75,0.0,0.0,0.9969742813918305,2,0.413125,0.0,0.0,0.0,0.0
25,OV_1,MAIN_1,4923,20.512,4921,0,2,0,2,0.04,169.2873128112526,20.601,182.2266547397709,21.7823,20.5042,0.4921,0.0,0.4921,7.4588,0.0828,412,1.236,0,0,0.0,0.0,56.1371285063254,246.15,468.0,411.8624034936746,0.9995937436522445,2,0.205125,1.0,0.0,0.0,0.0
25,OV_2,MAIN_2,9543,39.763,9519,14,10,0,24,0.25,326.29009999340064,39.707,327.2419999931617,39.1165,39.6625,0.9519,0.0,0.9519,27.242,0.0899,0,0.0,0,0,0.0,0.0,0.0,477.15,0.0,0.0,0.9974850675888085,2,0.397625,0.0,0.0,0.0,0.0
25,OV_3,MAIN_3,9534,39.725,9469,22,0,43,65,0.68,326.1666999934316,39.692,327.113599993194,39.1012,39.4542,0.9469,0.0,0.9469,27.1136,0.0851,0,0.0,0,0,0.0,0.0,0.0,476.7000000000001,0.0,0.0,0.9931822949444095,2,0.39725,0.0,0.0,0.0,0.0
26,OV_1,MAIN_1,5223,21.763,5203,20,0,0,20,0.38,182.2266547397709,21.7823,195.29875538439305,22.935,21.6792,0.5203,0.0,0.5203,7.9791,0.0828,363,1.089,0,0,0.0,0.0,49.25063426453762,261.15000000000003,412.0,362.7489537354624,0.9961707830748612,2,0.217625,1.0,0.0,0.0,0.0
26,OV_2,MAIN_2,9483,39.513,9474,0,9,0,9,0.09,327.2419999931617,39.1165,328.1893999929239,38.5411,39.475,0.9474,0.0,0.9474,28.1894,0.0899,0,0.0,0,0,0.0,0.0,0.0,474.15,0.0,0.0,0.9990509332489719,2,0.395125,0.0,0.0,0.0,0.0
26,OV_3,MAIN_3,9294,38.725,9291,0,0,3,3,0.03,327.113599993194,39.1012,328.0426999929607,38.5239,38.7125,0.9291,0.0,0.9291,28.0427,0.0851,0,0.0,0,0,0.0,0.0,0.0,464.7000000000001,0.0,0.0,0.999677211103938,2,0.38725,0.0,0.0,0.0,0.0
27,OV_1,MAIN_1,5508,22.95,5496,0,0,12,12,0.22,195.29875538439305,22.935,208.43301020298932,24.0543,22.9,0.5496,0.0,0.5496,8.5287,0.0828,320,0.96,0,0,0.0,0.0,43.46505457411765,275.40000000000003,363.0,319.5345824258824,0.9978213507625272,2,0.2295,1.0,0.0,0.0,0.0
27,OV_2,MAIN_2,9279,38.663,9247,32,0,0,32,0.34,328.1893999929239,38.5411,329.11409999269176,37.9815,38.5292,0.9247,0.0,0.9247,29.1141,0.0899,0,0.0,0,0,0.0,0.0,0.0,463.9500000000001,0.0,0.0,0.996551352516435,2,0.386625,0.0,0.0,0.0,0.0
27,OV_3,MAIN_3,9213,38.388,9210,0,3,0,3,0.03,328.0426999929607,38.5239,328.9636999927295,37.9642,38.375,0.921,0.0,0.921,28.9637,0.0851,0,0.0,0,0,0.0,0.0,0.0,460.65,0.0,0.0,0.9996743731683491,2,0.383875,0.0,0.0,0.0,0.0
28,OV_1,MAIN_1,5752,23.967,5752,0,0,0,0,0.0,208.43301020298932,24.0543,221.6164138665844,25.1404,23.9667,0.5752,0.0,0.5752,9.1039,0.0828,282,0.846,0,0,0.0,0.0,38.3999616,287.6,320.0,281.59971840000003,1.0,2,0.23966666666666667,1.0,0.0,0.0,0.0
28,OV_2,MAIN_2,9247,38.529,9231,10,0,6,16,0.17,329.11409999269176,37.9815,330.03719999246005,37.4397,38.4625,0.9231,0.0,0.9231,30.0372,0.0899,0,0.0,0,0,0.0,0.0,0.0,462.35,0.0,0.0,0.9982697090948416,2,0.38529166666666664,0.0,0.0,0.0,0.0
28,OV_3,MAIN_3,9001,37.504,8989,0,5,7,12,0.13,328.9636999927295,37.9642,329.8625999925039,37.4199,37.4542,0.8989,0.0,0.8989,29.8626,0.0851,0,0.0,0,0,0.0,0.0,0.0,450.05,0.0,0.0,0.9986668147983557,2,0.37504166666666666,0.0,0.0,0.0,0.0
29,OV_1,MAIN_1,5965,24.854,5950,10,5,0,15,0.25,221.6164138665844,25.1404,234.91909403530124,26.2005,24.7917,0.595,0.0,0.595,9.6989,0.0828,248,0.744,0,0,0.0,0.0,33.754869849455154,298.25,282.0,248.2448481505448,0.9974853310980721,2,0.24854166666666666,1.0,0.0,0.0,0.0
29,OV_2,MAIN_2,9055,37.729,9040,0,0,15,15,0.17,330.03719999246005,37.4397,330.9411999922331,36.9098,37.6667,0.904,0.0,0.904,30.9412,0.0899,0,0.0,0,0,0.0,0.0,0.0,452.75,0.0,0.0,0.9983434566537824,2,0.3772916666666667,0.0,0.0,0.0,0.0
29,OV_3,MAIN_3,8980,37.417,8980,0,0,0,0,0.0,329.8625999925039,37.4199,330.76059999227846,36.8897,37.4167,0.898,0.0,0.898,30.7606,0.0851,0,0.0,0,0,0.0,0.0,0.0,449.0,0.0,0.0,1.0,2,0.37416666666666665,0.0,0.0,0.0,0.0
30,OV_1,MAIN_1,6330,26.375,6329,0,0,1,1,0.02,234.91909403530124,26.2005,248.08452236844408,27.2156,26.3708,0.6329,0.0,0.6329,10.3318,0.0828,218,0.654,0,0,0.0,0.0,29.75526882290048,316.5,248.0,218.24448317709957,0.9998420221169037,2,0.26375,1.0,0.0,0.0,0.0
30,OV_2,MAIN_2,8884,37.017,8879,0,0,5,5,0.06,330.9411999922331,36.9098,331.82909999201024,36.4026,36.9958,0.8879,0.0,0.8879,31.8291,0.0899,0,0.0,0,0,0.0,0.0,0.0,444.2000000000001,0.0,0.0,0.9994371904547501,2,0.37016666666666664,0.0,0.0,0.0,0.0
30,OV_3,MAIN_3,8786,36.608,8782,0,4,0,4,0.05,330.76059999227846,36.8897,331.638799992058,36.3818,36.5917,0.8782,0.0,0.8782,31.6388,0.0851,0,0.0,0,0,0.0,0.0,0.0,439.3,0.0,0.0,0.9995447302526748,2,0.3660833333333333,0.0,0.0,0.0,0.0
31,OV_1,MAIN_1,6492,27.05,6484,0,0,8,8,0.12,248.08452236844408,27.2156,260.7742385769313,28.1618,27.0167,0.6484,0.0,0.6484,10.9802,0.0828,192,0.5760000000000001,0,0,0.0,0.0,26.12773727334565,324.6,218.0,191.87204472665437,0.9987677141096735,2,0.2705,1.0,0.0,0.0,0.0
31,OV_2,MAIN_2,8733,36.388,8720,13,0,0,13,0.15,331.82909999201024,36.4026,332.7010999917913,35.9294,36.3333,0.872,0.0,0.872,32.7011,0.0899,0,0.0,0,0,0.0,0.0,0.0,436.65,0.0,0.0,0.9985113935646399,2,0.363875,0.0,0.0,0.0,0.0
31,OV_3,MAIN_3,8775,36.562,8713,42,1,19,62,0.71,331.638799992058,36.3818,332.5100999918393,35.9088,36.3042,0.8713,0.0,0.8713,32.5101,0.0851,0,0.0,0,0,0.0,0.0,0.0,438.75,0.0,0.0,0.9929344729344729,2,0.365625,0.0,0.0,0.0,0.0
32,OV_1,MAIN_1,6642,27.675,6629,5,0,8,13,0.2,260.7742385769313,28.1618,273.15401459660075,29.056,27.6208,0.6629,0.0,0.6629,11.6431,0.0828,169,0.507,0,0,0.0,0.0,22.99488215414634,332.1,192.0,169.00492584585368,0.9980427582053598,2,0.27675,1.0,0.0,0.0,0.0
32,OV_2,MAIN_2,8627,35.946,8571,11,0,45,56,0.65,332.7010999917913,35.9294,333.5581999915762,35.4814,35.7125,0.8571,0.0,0.8571,33.5582,0.0899,0,0.0,0,0,0.0,0.0,0.0,431.35,0.0,0.0,0.9935087515938333,2,0.3594583333333333,0.0,0.0,0.0,0.0
32,OV_3,MAIN_3,8731,36.379,8717,0,0,14,14,0.16,332.5100999918393,35.9088,333.3817999916205,35.4626,36.3208,0.8717,0.0,0.8717,33.3818,0.0851,0,0.0,0,0,0.0,0.0,0.0,436.55,0.0,0.0,0.9983965181537052,2,0.3637916666666667,0.0,0.0,0.0,0.0
33,OV_1,MAIN_1,7069,29.454,7052,0,4,13,17,0.24,273.15401459660075,29.056,284.9677263281965,29.8835,29.3833,0.7052,0.0,0.7052,12.3483,0.0828,149,0.447,0,0,0.0,0.0,20.23120907984722,353.45000000000005,169.0,148.76862192015278,0.9975951336822747,2,0.29454166666666665,1.0,0.0,0.0,0.0
33,OV_2,MAIN_2,8377,34.904,8343,0,28,6,34,0.41,333.5581999915762,35.4814,334.3924999913668,35.0664,34.7625,0.8343,0.0,0.8343,34.3925,0.0899,0,0.0,0,0,0.0,0.0,0.0,418.85,0.0,0.0,0.9959412677569536,2,0.34904166666666664,0.0,0.0,0.0,0.0
33,OV_3,MAIN_3,8554,35.642,8547,0,0,7,7,0.08,333.3817999916205,35.4626,334.23649999140594,35.0501,35.6125,0.8547,0.0,0.8547,34.2365,0.0851,0,0.0,0,0,0.0,0.0,0.0,427.7000000000001,0.0,0.0,0.9991816693944353,2,0.35641666666666666,0.0,0.0,0.0,0.0
34,OV_1,MAIN_1,7171,29.879,7149,0,0,22,22,0.31,284.9677263281965,29.8835,296.5277817636187,30.6698,29.7875,0.7149,0.0,0.7149,13.0632,0.0828,131,0.393,0,0,0.0,0.0,17.825127900694465,358.55,149.0,131.17472309930554,0.9969320875749547,2,0.2987916666666667,1.0,0.0,0.0,0.0
34,OV_2,MAIN_2,8461,35.254,8454,7,0,0,7,0.08,334.3924999913668,35.0664,335.23789999115456,34.6736,35.225,0.8454,0.0,0.8454,35.2379,0.0899,0,0.0,0,0,0.0,0.0,0.0,423.05,0.0,0.0,0.9991726746247489,2,0.35254166666666664,0.0,0.0,0.0,0.0
34,OV_3,MAIN_3,8368,34.867,8366,0,0,2,2,0.02,334.23649999140594,35.0501,335.07309999119593,34.6566,34.8583,0.8366,0.0,0.8366,35.0731,0.0851,0,0.0,0,0,0.0,0.0,0.0,418.4,0.0,0.0,0.9997609942638623,2,0.3486666666666667,0.0,0.0,0.0,0.0
35,OV_1,MAIN_1,7411,30.879,7368,26,7,10,43,0.58,296.5277817636187,30.6698,307.6579925624802,31.4056,30.7,0.7368,0.0,0.7368,13.8,0.0828,115,0.345,0,0,0.0,0.0,15.628774008236404,370.55,131.0,115.37109499176358,0.9941978140601808,2,0.3087916666666667,1.0,0.0,0.0,0.0
35,OV_2,MAIN_2,8256,34.4,8254,2,0,0,2,0.02,335.23789999115456,34.6736,336.06329999094737,34.3052,34.3917,0.8254,0.0,0.8254,36.0633,0.0899,0,0.0,0,0,0.0,0.0,0.0,412.8,0.0,0.0,0.9997577519379846,2,0.344,0.0,0.0,0.0,0.0
35,OV_3,MAIN_3,8333,34.721,8333,0,0,0,0,0.0,335.07309999119593,34.6566,335.9063999909868,34.2892,34.7208,0.8333,0.0,0.8333,35.9064,0.0851,0,0.0,0,0,0.0,0.0,0.0,416.65,0.0,0.0,1.0,2,0.34720833333333334,0.0,0.0,0.0,0.0
36,OV_1,MAIN_1,7553,31.471,7542,5,6,0,11,0.15,307.6579925624802,31.4056,318.1536454308109,32.0797,31.425,0.7542,0.0,0.7542,14.5542,0.0828,101,0.303,0,0,0.0,0.0,13.77988824578313,377.65,115.0,101.21999675421688,0.9985436250496491,2,0.3147083333333333,1.0,0.0,0.0,0.0
36,OV_2,MAIN_2,8325,34.688,8271,38,0,16,54,0.65,336.06329999094737,34.3052,336.8903999907397,33.9689,34.4625,0.8271,0.0,0.8271,36.8904,0.0899,0,0.0,0,0,0.0,0.0,0.0,416.25,0.0,0.0,0.9935135135135135,2,0.346875,0.0,0.0,0.0,0.0
36,OV_3,MAIN_3,8122,33.842,8098,0,4,20,24,0.3,335.9063999909868,34.2892,336.7161999907835,33.9514,33.7417,0.8098,0.0,0.8098,36.7162,0.0851,0,0.0,0,0,0.0,0.0,0.0,406.1,0.0,0.0,0.9970450627924157,2,0.33841666666666664,0.0,0.0,0.0,0.0
37,OV_1,MAIN_1,7714,32.142,7700,0,0,14,14,0.18,318.1536454308109,32.0797,327.80126282253616,32.681,32.0833,0.77,0.0,0.77,15.3242,0.0828,89,0.267,0,0,0.0,0.0,12.097991531760435,385.7000000000001,101.0,88.90190746823956,0.9981851179673321,2,0.3214166666666667,1.0,0.0,0.0,0.0
37,OV_2,MAIN_2,8373,34.887,8360,4,9,0,13,0.16,336.8903999907397,33.9689,337.7263999905299,33.6705,34.8333,0.836,0.0,0.836,37.7264,0.0899,0,0.0,0,0,0.0,0.0,0.0,418.65,0.0,0.0,0.9984473904215933,2,0.348875,0.0,0.0,0.0,0.0
37,OV_3,MAIN_3,7913,32.971,7899,0,0,14,14,0.18,336.7161999907835,33.9514,337.5060999905852,33.6485,32.9125,0.7899,0.0,0.7899,37.5061,0.0851,0,0.0,0,0,0.0,0.0,0.0,395.65,0.0,0.0,0.9982307595096677,2,0.3297083333333333,0.0,0.0,0.0,0.0
38,OV_1,MAIN_1,7712,32.133,7664,0,11,37,48,0.62,327.80126282253616,32.681,337.18849270337194,33.2519,31.9333,0.7664,0.0,0.7664,16.0906,0.0828,78,0.234,0,0,0.0,0.0,10.613516357427386,385.6,89.0,78.38639464257261,0.9937759336099585,2,0.32133333333333336,1.0,0.0,0.0,0.0
38,OV_2,MAIN_2,8261,34.421,8233,0,0,28,28,0.34,337.7263999905299,33.6705,338.54969999032323,33.3861,34.3042,0.8233,0.0,0.8233,38.5497,0.0899,0,0.0,0,0,0.0,0.0,0.0,413.05,0.0,0.0,0.99661057983295,2,0.34420833333333334,0.0,0.0,0.0,0.0
38,OV_3,MAIN_3,8027,33.446,8000,0,2,25,27,0.34,337.5060999905852,33.6485,338.3060999903844,33.3621,33.3333,0.8,0.0,0.8,38.3061,0.0851,0,0.0,0,0,0.0,0.0,0.0,401.35,0.0,0.0,0.9966363523109505,2,0.33445833333333336,0.0,0.0,0.0,0.0
39,OV_1,MAIN_1,8081,33.671,8067,5,9,0,14,0.17,337.18849270337194,33.2519,345.3995857462787,33.7356,33.6125,0.8067,0.0,0.8067,16.8973,0.0828,69,0.207,0,0,0.0,0.0,9.343774841341418,404.05,78.0,68.65614715865858,0.9982675411458978,2,0.33670833333333333,1.0,0.0,0.0,0.0
39,OV_2,MAIN_2,7917,32.987,7917,0,0,0,0,0.0,338.54969999032323,33.3861,339.3413999901245,33.1439,32.9875,0.7917,0.0,0.7917,39.3414,0.0899,0,0.0,0,0,0.0,0.0,0.0,395.85,0.0,0.0,1.0,2,0.329875,0.0,0.0,0.0,0.0
39,OV_3,MAIN_3,8002,33.342,7967,12,17,6,35,0.44,338.3060999903844,33.3621,339.1027999901844,33.1206,33.1958,0.7967,0.0,0.7967,39.1028,0.0851,0,0.0,0,0,0.0,0.0,0.0,400.1,0.0,0.0,0.9956260934766309,2,0.33341666666666664,0.0,0.0,0.0,0.0
40,OV_1,MAIN_1,8170,34.042,8104,0,22,44,66,0.81,345.3995857462787,33.7356,353.09188503428146,34.1773,33.7667,0.8104,0.0,0.8104,17.7077,0.0828,61,0.183,0,0,0.0,0.0,8.213103169997552,408.5,69.0,60.78682783000245,0.991921664626683,2,0.34041666666666665,1.0,0.0,0.0,0.0
40,OV_2,MAIN_2,7943,33.096,7935,0,6,2,8,0.1,339.3413999901245,33.1439,340.1348999899253,32.9231,33.0625,0.7935,0.0,0.7935,40.1349,0.0899,0,0.0,0,0,0.0,0.0,0.0,397.15,0.0,0.0,0.9989928238700743,2,0.33095833333333335,0.0,0.0,0.0,0.0
40,OV_3,MAIN_3,7887,32.862,7887,0,0,0,0,0.0,339.1027999901844,33.1206,339.8914999899864,32.8996,32.8625,0.7887,0.0,0.7887,39.8915,0.0851,0,0.0,0,0,0.0,0.0,0.0,394.35,0.0,0.0,1.0,2,0.328625,0.0,0.0,0.0,0.0
41,OV_1,MAIN_1,8146,33.942,8130,0,0,16,16,0.2,353.09188503428146,34.1773,360.1727194452246,34.5729,33.875,0.813,0.0,0.813,18.5207,0.0828,54,0.162,0,0,0.0,0.0,7.3056150857353295,407.3,61.0,53.69432391426467,0.9980358458138964,2,0.33941666666666664,1.0,0.0,0.0,0.0
41,OV_2,MAIN_2,7888,32.867,7843,26,14,5,45,0.57,340.1348999899253,32.9231,340.91919998972844,32.7247,32.6792,0.7843,0.0,0.7843,40.9192,0.0899,0,0.0,0,0,0.0,0.0,0.0,394.4,0.0,0.0,0.9942951318458418,2,0.32866666666666666,0.0,0.0,0.0,0.0
41,OV_3,MAIN_3,7966,33.192,7948,18,0,0,18,0.23,339.8914999899864,32.8996,340.6862999897869,32.7024,33.1167,0.7948,0.0,0.7948,40.6863,0.0851,0,0.0,0,0,0.0,0.0,0.0,398.3,0.0,0.0,0.9977403966859152,2,0.3319166666666667,0.0,0.0,0.0,0.0
42,OV_1,MAIN_1,8202,34.175,8199,0,3,0,3,0.04,360.1727194452246,34.5729,366.5564685272247,34.9188,34.1625,0.8199,0.0,0.8199,19.3406,0.0828,48,0.144,0,0,0.0,0.0,6.477623368749086,410.1,54.0,47.52232263125092,0.9996342355523044,2,0.34175,1.0,0.0,0.0,0.0
42,OV_2,MAIN_2,7915,32.979,7897,14,4,0,18,0.23,340.91919998972844,32.7247,341.7088999895302,32.5518,32.9042,0.7897,0.0,0.7897,41.7089,0.0899,0,0.0,0,0,0.0,0.0,0.0,395.75,0.0,0.0,0.9977258370183196,2,0.32979166666666665,0.0,0.0,0.0,0.0
42,OV_3,MAIN_3,7883,32.846,7879,0,0,4,4,0.05,340.6862999897869,32.7024,341.4741999895891,32.5294,32.8292,0.7879,0.0,0.7879,41.4742,0.0851,0,0.0,0,0,0.0,0.0,0.0,394.15,0.0,0.0,0.9994925789673982,2,0.32845833333333335,0.0,0.0,0.0,0.0
43,OV_1,MAIN_1,8440,35.167,8429,11,0,0,11,0.13,366.5564685272247,34.9188,373.1647424466551,35.2741,35.1208,0.8429,0.0,0.8429,20.1835,0.0828,42,0.126,0,0,0.0,0.0,5.752487138502369,422.0,48.0,42.24746486149763,0.998696682464455,2,0.3516666666666667,1.0,0.0,0.0,0.0
43,OV_2,MAIN_2,7828,32.617,7825,3,0,0,3,0.04,341.7088999895302,32.5518,342.4913999893338,32.3746,32.6042,0.7825,0.0,0.7825,42.4914,0.0899,0,0.0,0,0,0.0,0.0,0.0,391.4,0.0,0.0,0.9996167603474706,2,0.32616666666666666,0.0,0.0,0.0,0.0
43,OV_3,MAIN_3,7732,32.217,7707,13,4,8,25,0.32,341.4741999895891,32.5294,342.24489998939566,32.3513,32.1125,0.7707,0.0,0.7707,42.2449,0.0851,0,0.0,0,0,0.0,0.0,0.0,386.6,0.0,0.0,0.9967666839110192,2,0.32216666666666666,0.0,0.0,0.0,0.0
44,OV_1,MAIN_1,8571,35.713,8571,0,0,0,0,0.0,373.1647424466551,35.2741,378.9744374389904,35.5761,35.7125,0.8571,0.0,0.8571,21.0406,0.0828,37,0.111,0,0,0.0,0.0,5.03999496,428.55,42.0,36.95996304,1.0,2,0.357125,1.0,0.0,0.0,0.0
44,OV_2,MAIN_2,7686,32.025,7677,9,0,0,9,0.12,342.4913999893338,32.3746,343.2590999891411,32.2233,31.9875,0.7677,0.0,0.7677,43.2591,0.0899,0,0.0,0,0,0.0,0.0,0.0,384.3,0.0,0.0,0.9988290398126464,2,0.32025,0.0,0.0,0.0,0.0
44,OV_3,MAIN_3,7743,32.263,7721,9,0,13,22,0.28,342.24489998939566,32.3513,343.01699998920185,32.2006,32.1708,0.7721,0.0,0.7721,43.017,0.0851,0,0.0,0,0,0.0,0.0,0.0,387.15,0.0,0.0,0.9971587240087821,2,0.322625,0.0,0.0,0.0,0.0
45,OV_1,MAIN_1,8588,35.783,8580,0,8,0,8,0.09,378.9744374389904,35.5761,383.8931756091929,35.8206,35.75,0.858,0.0,0.858,21.8986,0.0828,33,0.099,0,0,0.0,0.0,4.435859560409874,429.4,37.0,32.56410343959013,0.9990684676292502,2,0.35783333333333334,1.0,0.0,0.0,0.0
45,OV_2,MAIN_2,7706,32.108,7704,0,2,0,2,0.03,343.2590999891411,32.2233,344.0294999889477,32.101,32.1,0.7704,0.0,0.7704,44.0295,0.0899,0,0.0,0,0,0.0,0.0,0.0,385.3,0.0,0.0,0.9997404619776797,2,0.32108333333333333,0.0,0.0,0.0,0.0
45,OV_3,MAIN_3,7706,32.108,7706,0,0,0,0,0.0,343.01699998920185,32.2006,343.7875999890084,32.0784,32.1083,0.7706,0.0,0.7706,43.7876,0.0851,0,0.0,0,0,0.0,0.0,0.0,385.3,0.0,0.0,1.0,2,0.32108333333333333,0.0,0.0,0.0,0.0
46,OV_1,MAIN_1,8618,35.908,8609,0,9,0,9,0.1,383.8931756091929,35.8206,388.9231830674212,36.069,35.8708,0.8609,0.0,0.8609,22.7595,0.0828,29,0.087,0,0,0.0,0.0,3.9558605138500806,430.9,33.0,29.04410648614992,0.9989556741703411,2,0.3590833333333333,1.0,0.0,0.0,0.0
46,OV_2,MAIN_2,7724,32.183,7695,0,0,29,29,0.38,344.0294999889477,32.101,344.79899998875453,31.9769,32.0625,0.7695,0.0,0.7695,44.799,0.0899,0,0.0,0,0,0.0,0.0,0.0,386.2000000000001,0.0,0.0,0.9962454686690834,2,0.32183333333333336,0.0,0.0,0.0,0.0
46,OV_3,MAIN_3,7658,31.908,7652,0,0,6,6,0.08,343.7875999890084,32.0784,344.55279998881633,31.9541,31.8833,0.7652,0.0,0.7652,44.5528,0.0851,0,0.0,0,0,0.0,0.0,0.0,382.9,0.0,0.0,0.999216505615043,2,0.31908333333333333,0.0,0.0,0.0,0.0
47,OV_1,MAIN_1,8567,35.696,8562,0,0,5,5,0.06,388.9231830674212,36.069,392.96447123754353,36.2562,35.675,0.8562,0.0,0.8562,23.6157,0.0828,26,0.078,0,0,0.0,0.0,3.4779654726555385,428.35,29.0,25.52200552734446,0.9994163651219797,2,0.3569583333333333,1.0,0.0,0.0,0.0
47,OV_2,MAIN_2,7718,32.158,7699,0,4,15,19,0.25,344.79899998875453,31.9769,345.56889998856127,31.8833,32.0792,0.7699,0.0,0.7699,45.5689,0.0899,0,0.0,0,0,0.0,0.0,0.0,385.9,0.0,0.0,0.9975382223373931,2,0.32158333333333333,0.0,0.0,0.0,0.0
47,OV_3,MAIN_3,7715,32.146,7689,11,3,12,26,0.34,344.55279998881633,31.9541,345.3216999886233,31.8605,32.0375,0.7689,0.0,0.7689,45.3217,0.0851,0,0.0,0,0,0.0,0.0,0.0,385.75,0.0,0.0,0.9966299416720674,2,0.32145833333333335,0.0,0.0,0.0,0.0
48,OV_1,MAIN_1,8632,35.967,8588,23,0,21,44,0.51,392.96447123754353,36.2562,397.0762394703989,36.4457,35.7833,0.8588,0.0,0.8588,24.4745,0.0828,23,0.069,0,0,0.0,0.0,3.1040932814457824,431.6,26.0,22.895880718554217,0.994902687673772,2,0.3596666666666667,1.0,0.0,0.0,0.0
48,OV_2,MAIN_2,7755,32.312,7747,8,0,0,8,0.1,345.56889998856127,31.8833,346.3435999883668,31.7892,32.2792,0.7747,0.0,0.7747,46.3436,0.0899,0,0.0,0,0,0.0,0.0,0.0,387.75,0.0,0.0,0.9989684074790458,2,0.323125,0.0,0.0,0.0,0.0
48,OV_3,MAIN_3,7613,31.721,7596,17,0,0,17,0.22,345.3216999886233,31.8605,346.08129998843265,31.7651,31.65,0.7596,0.0,0.7596,46.0813,0.0851,0,0.0,0,0,0.0,0.0,0.0,380.65,0.0,0.0,0.9977669775384211,2,0.3172083333333333,0.0,0.0,0.0,0.0
49,OV_1,MAIN_1,8697,36.237,8683,14,0,0,14,0.16,397.0762394703989,36.4457,401.2667924468287,36.638,36.1792,0.8683,0.0,0.8683,25.3428,0.0828,20,0.06,0,0,0.0,0.0,2.7555543330941696,434.85,23.0,20.244422666905827,0.9983902495113257,2,0.362375,1.0,0.0,0.0,0.0
49,OV_2,MAIN_2,7583,31.596,7583,0,0,0,0,0.0,346.3435999883668,31.7892,347.10189998817646,31.6925,31.5958,0.7583,0.0,0.7583,47.1019,0.0899,0,0.0,0,0,0.0,0.0,0.0,379.15,0.0,0.0,1.0,2,0.31595833333333334,0.0,0.0,0.0,0.0
49,OV_3,MAIN_3,7720,32.167,7695,10,0,15,25,0.32,346.08129998843265,31.7651,346.8507999882395,31.6695,32.0625,0.7695,0.0,0.7695,46.8508,0.0851,0,0.0,0,0,0.0,0.0,0.0,386.0,0.0,0.0,0.9967616580310881,2,0.32166666666666666,0.0,0.0,0.0,0.0
